-- phpMyAdmin SQL Dump
-- version 5.2.1
-- https://www.phpmyadmin.net/
--
-- Host: 127.0.0.1
-- Generation Time: Feb 28, 2026 at 04:03 AM
-- Server version: 10.4.32-MariaDB
-- PHP Version: 8.2.12

SET SQL_MODE = "NO_AUTO_VALUE_ON_ZERO";
START TRANSACTION;
SET time_zone = "+00:00";


/*!40101 SET @OLD_CHARACTER_SET_CLIENT=@@CHARACTER_SET_CLIENT */;
/*!40101 SET @OLD_CHARACTER_SET_RESULTS=@@CHARACTER_SET_RESULTS */;
/*!40101 SET @OLD_COLLATION_CONNECTION=@@COLLATION_CONNECTION */;
/*!40101 SET NAMES utf8mb4 */;

--
-- Database: `familyjoy_db`
--

-- --------------------------------------------------------

--
-- Table structure for table `child_backpack_items`
--

CREATE TABLE `child_backpack_items` (
  `id` char(36) NOT NULL,
  `child_id` char(36) NOT NULL,
  `reward_id` char(36) NOT NULL,
  `quantity` int(11) NOT NULL DEFAULT 0,
  `created_at` datetime NOT NULL DEFAULT current_timestamp(),
  `updated_at` datetime NOT NULL DEFAULT current_timestamp() ON UPDATE current_timestamp()
) ENGINE=InnoDB DEFAULT CHARSET=utf8mb4 COLLATE=utf8mb4_unicode_ci;

--
-- Dumping data for table `child_backpack_items`
--

INSERT INTO `child_backpack_items` (`id`, `child_id`, `reward_id`, `quantity`, `created_at`, `updated_at`) VALUES
('0290bddb-ddbc-493d-a49a-90bcb8b86ac3', '933844a1-c837-4a09-862a-800d538d67c1', '01fc0fb5-89cd-4383-9ae0-92c4c788ce6a', 3, '2026-02-22 20:12:07', '2026-02-22 20:12:07'),
('02e44a0f-b652-45ed-988e-3b95aa2c428e', '709f021f-ac68-4c01-a3c6-98b6368fae25', 'be649498-4032-42cb-8c8a-86aeb27333b7', 2, '2026-02-22 20:12:08', '2026-02-22 20:12:08'),
('17f0da66-c055-4f34-94c5-e7089584241d', 'a0f3b228-35be-467c-a394-1400a53945a0', '8e04f647-02c4-4df5-a09c-4c6667ca99ec', 1, '2026-02-22 20:12:06', '2026-02-22 20:12:06'),
('1f9951b0-067f-40f2-9853-dad86b7795ce', '600f9b09-6922-4b6d-8ac4-32d909a9441d', '5628e729-1da1-4fc2-acd1-1233e1ab9fdd', 1, '2026-02-22 20:12:08', '2026-02-22 20:12:08'),
('277a778c-0fde-11f1-9bc3-60cf8463714e', '57b63a08-8c87-4a94-a02c-07d3c71f5ca4', 'def0e80a-915a-4c91-9976-4ce8082a653a', 1, '2026-02-23 00:03:44', '2026-02-23 00:03:44'),
('29519b97-0fde-11f1-9bc3-60cf8463714e', '57b63a08-8c87-4a94-a02c-07d3c71f5ca4', '2b7396e5-58cb-4726-b3f6-accbf3347b63', 1, '2026-02-23 00:03:47', '2026-02-23 00:03:47'),
('2c8e73df-0fde-11f1-9bc3-60cf8463714e', '57b63a08-8c87-4a94-a02c-07d3c71f5ca4', '86d1c00e-c32a-43b2-8c83-cb304e73f4aa', 1, '2026-02-23 00:03:52', '2026-02-23 00:03:52'),
('3076576f-a05d-4944-a4f6-d1050467efee', '600f9b09-6922-4b6d-8ac4-32d909a9441d', 'a22e7a2a-c60a-4257-959a-f5d2e758f897', 1, '2026-02-22 20:12:08', '2026-02-22 20:12:08'),
('38e1104e-f569-43ce-bb2f-d9992d227b70', 'faba9c3a-667b-44d0-84d3-5e24ac3e417a', 'a22e7a2a-c60a-4257-959a-f5d2e758f897', 1, '2026-02-22 20:12:08', '2026-02-22 20:12:08'),
('3ee349ec-bc6c-4ae0-b3c5-0b1b44b669c6', '89d2f542-171d-4ee9-9a6d-d9189c77cf35', '0ceec034-2f36-4220-8b04-964dda607466', 1, '2026-02-22 20:12:07', '2026-02-22 20:12:07'),
('59ff8515-5a70-4dcf-a595-30c978127c4b', '933844a1-c837-4a09-862a-800d538d67c1', '8e04f647-02c4-4df5-a09c-4c6667ca99ec', 1, '2026-02-22 20:12:07', '2026-02-22 20:12:07'),
('5c7cffe9-2a3c-44b4-9622-1ea17566a83b', '52789d9c-e195-4207-82d6-8f6f7fdd8a5b', '09e0c95f-e4b1-4c1a-9d4b-392c4a7844e6', 2, '2026-02-22 20:12:07', '2026-02-22 20:12:07'),
('6b5357e9-1b7a-4812-9826-13080f6afc34', 'a0f3b228-35be-467c-a394-1400a53945a0', '01fc0fb5-89cd-4383-9ae0-92c4c788ce6a', 3, '2026-02-22 20:12:06', '2026-02-22 20:12:06'),
('6f306d5c-aac3-4f8c-b347-3ef73be9305f', '600f9b09-6922-4b6d-8ac4-32d909a9441d', '295902c3-d5ab-4995-8a83-28363238ebe8', 2, '2026-02-22 20:12:08', '2026-02-22 20:12:08'),
('8643a1d2-7197-483c-b776-60da175c334b', '52789d9c-e195-4207-82d6-8f6f7fdd8a5b', 'ed7f066f-0889-4476-9daf-a4d5d868f000', 1, '2026-02-22 20:12:07', '2026-02-22 20:12:07'),
('87feda29-0406-472c-aa65-de6ca035870c', '89d2f542-171d-4ee9-9a6d-d9189c77cf35', 'e563f101-e912-42d5-b8de-a3c1eabdbf02', 1, '2026-02-22 20:12:07', '2026-02-22 20:12:07'),
('89e7fb87-f0e8-4bd0-ab9e-99e011e5b4c2', '933844a1-c837-4a09-862a-800d538d67c1', '6d360f59-ebae-4811-8ab5-e10e27a22246', 5, '2026-02-22 20:12:07', '2026-02-22 20:12:07'),
('8da66f16-932f-41d9-946f-05d8f9b0192d', '709f021f-ac68-4c01-a3c6-98b6368fae25', '0ceec034-2f36-4220-8b04-964dda607466', 1, '2026-02-22 20:12:08', '2026-02-22 20:12:08'),
('9091e83f-c356-4145-ae70-8a3124c2a58e', 'bd8184d2-29cf-4093-8ecc-87513ce59f93', 'ed7f066f-0889-4476-9daf-a4d5d868f000', 1, '2026-02-22 20:12:07', '2026-02-22 20:12:07'),
('a0067492-feab-4db6-b387-8e6dec93b649', '89d2f542-171d-4ee9-9a6d-d9189c77cf35', 'be649498-4032-42cb-8c8a-86aeb27333b7', 2, '2026-02-22 20:12:07', '2026-02-22 20:12:07'),
('a29ecccc-30af-4d72-a945-df570c9bb153', 'bd8184d2-29cf-4093-8ecc-87513ce59f93', '7914d642-4858-48cb-a2c8-c6a7db51c381', 1, '2026-02-22 20:12:07', '2026-02-22 20:12:07'),
('aaf45d23-710d-491e-91be-28c711258cba', 'faba9c3a-667b-44d0-84d3-5e24ac3e417a', '295902c3-d5ab-4995-8a83-28363238ebe8', 2, '2026-02-22 20:12:08', '2026-02-22 20:12:08'),
('af2c2f43-7248-4c8b-9f03-b72f5445318c', 'faba9c3a-667b-44d0-84d3-5e24ac3e417a', '5628e729-1da1-4fc2-acd1-1233e1ab9fdd', 1, '2026-02-22 20:12:08', '2026-02-22 20:12:08'),
('cf92657a-ea84-4a9c-a014-b15861e1aa24', '52789d9c-e195-4207-82d6-8f6f7fdd8a5b', '7914d642-4858-48cb-a2c8-c6a7db51c381', 1, '2026-02-22 20:12:07', '2026-02-22 20:12:07'),
('d7d3e1c9-1a52-4836-9aa1-7c17134abd3d', 'bd8184d2-29cf-4093-8ecc-87513ce59f93', '09e0c95f-e4b1-4c1a-9d4b-392c4a7844e6', 2, '2026-02-22 20:12:07', '2026-02-22 20:12:07'),
('e37a5aca-9cc6-4b5d-85b6-d419f926963e', '709f021f-ac68-4c01-a3c6-98b6368fae25', 'e563f101-e912-42d5-b8de-a3c1eabdbf02', 1, '2026-02-22 20:12:08', '2026-02-22 20:12:08'),
('ec748f00-699b-43d6-96a2-cb461709f8ec', 'a0f3b228-35be-467c-a394-1400a53945a0', '6d360f59-ebae-4811-8ab5-e10e27a22246', 5, '2026-02-22 20:12:06', '2026-02-23 19:23:40');

-- --------------------------------------------------------

--
-- Table structure for table `child_spirit_tree`
--

CREATE TABLE `child_spirit_tree` (
  `child_id` char(36) NOT NULL,
  `family_id` char(36) NOT NULL,
  `state` enum('withered','sicked','healthy') NOT NULL DEFAULT 'withered',
  `completion_rate` tinyint(3) UNSIGNED NOT NULL DEFAULT 0,
  `source_date` date NOT NULL,
  `last_calculated_at` datetime NOT NULL DEFAULT current_timestamp(),
  `created_at` datetime NOT NULL DEFAULT current_timestamp(),
  `updated_at` datetime NOT NULL DEFAULT current_timestamp() ON UPDATE current_timestamp()
) ENGINE=InnoDB DEFAULT CHARSET=utf8mb4 COLLATE=utf8mb4_unicode_ci;

--
-- Dumping data for table `child_spirit_tree`
--

INSERT INTO `child_spirit_tree` (`child_id`, `family_id`, `state`, `completion_rate`, `source_date`, `last_calculated_at`, `created_at`, `updated_at`) VALUES
('08dc5fe3-c9b0-456c-be1d-71a3dc543687', '5455ad4d-1dce-4f46-90ae-9355e8cbc5cc', 'withered', 0, '2026-02-22', '2026-02-23 19:49:13', '2026-02-23 00:18:46', '2026-02-23 19:49:13'),
('52789d9c-e195-4207-82d6-8f6f7fdd8a5b', 'a7c631f8-1f35-4209-9430-71ddd60d9acd', 'withered', 25, '2026-02-21', '2026-02-22 20:12:07', '2026-02-22 20:12:07', '2026-02-22 20:12:07'),
('53a357f5-b4e2-45be-ae9b-fd7242889538', '09ba9399-ce6f-41f1-9155-58dc34ba954c', 'withered', 0, '2026-02-21', '2026-02-22 13:18:52', '2026-02-15 21:55:57', '2026-02-22 13:18:52'),
('57b63a08-8c87-4a94-a02c-07d3c71f5ca4', '91d388d2-14cb-4367-a414-70fce80e1b55', 'withered', 33, '2026-02-22', '2026-02-23 00:21:29', '2026-02-22 22:31:09', '2026-02-23 00:21:29'),
('5d521922-ff1d-4140-b22a-b7e262d7f525', '5455ad4d-1dce-4f46-90ae-9355e8cbc5cc', 'withered', 0, '2026-02-22', '2026-02-23 19:49:13', '2026-02-23 00:18:46', '2026-02-23 19:49:13'),
('600f9b09-6922-4b6d-8ac4-32d909a9441d', '7fdf1f0f-9ea2-4378-8ea9-adc9575d745b', 'withered', 0, '2026-02-21', '2026-02-22 20:12:08', '2026-02-22 20:12:08', '2026-02-22 20:12:08'),
('709f021f-ac68-4c01-a3c6-98b6368fae25', '694f769f-c1fb-498c-9a94-db0502f95e39', 'withered', 0, '2026-02-21', '2026-02-22 20:12:08', '2026-02-22 20:12:08', '2026-02-22 20:12:08'),
('89d2f542-171d-4ee9-9a6d-d9189c77cf35', '694f769f-c1fb-498c-9a94-db0502f95e39', 'withered', 0, '2026-02-21', '2026-02-22 20:12:07', '2026-02-22 20:12:07', '2026-02-22 20:12:07'),
('933844a1-c837-4a09-862a-800d538d67c1', '5455ad4d-1dce-4f46-90ae-9355e8cbc5cc', 'sicked', 50, '2026-02-22', '2026-02-23 19:49:13', '2026-02-22 20:12:07', '2026-02-23 19:49:13'),
('a0f3b228-35be-467c-a394-1400a53945a0', '5455ad4d-1dce-4f46-90ae-9355e8cbc5cc', 'sicked', 50, '2026-02-22', '2026-02-23 19:49:13', '2026-02-22 20:12:06', '2026-02-23 19:49:13'),
('a70caadb-020f-49e5-acb5-f18a0ec71e9b', '09ba9399-ce6f-41f1-9155-58dc34ba954c', 'withered', 0, '2026-02-19', '2026-02-20 22:28:26', '2026-02-15 21:55:57', '2026-02-20 22:28:26'),
('aefcb8b0-f0dc-4b24-8b93-dd9706e95c1b', '91d388d2-14cb-4367-a414-70fce80e1b55', 'withered', 0, '2026-02-22', '2026-02-23 00:15:52', '2026-02-22 22:31:09', '2026-02-23 00:15:52'),
('b76e01b6-9b98-44bf-a8d3-f1e6c35e3c75', '09ba9399-ce6f-41f1-9155-58dc34ba954c', 'withered', 0, '2026-02-19', '2026-02-20 22:28:26', '2026-02-18 23:04:29', '2026-02-20 22:28:26'),
('bd8184d2-29cf-4093-8ecc-87513ce59f93', 'a7c631f8-1f35-4209-9430-71ddd60d9acd', 'withered', 25, '2026-02-21', '2026-02-22 20:12:07', '2026-02-22 20:12:07', '2026-02-22 20:12:07'),
('c4135d7b-0e3c-4e58-b4a7-19c3e73fa886', '9585c503-dce6-4ba6-943c-206c96436489', 'withered', 0, '2026-02-22', '2026-02-23 19:28:39', '2026-02-23 19:27:34', '2026-02-23 19:28:39'),
('db350c42-d8a7-430e-ad9c-172702b705cf', '91d388d2-14cb-4367-a414-70fce80e1b55', 'withered', 0, '2026-02-22', '2026-02-23 00:15:52', '2026-02-22 22:31:09', '2026-02-23 00:15:52'),
('faba9c3a-667b-44d0-84d3-5e24ac3e417a', '7fdf1f0f-9ea2-4378-8ea9-adc9575d745b', 'withered', 0, '2026-02-21', '2026-02-22 20:12:08', '2026-02-22 20:12:08', '2026-02-22 20:12:08');

-- --------------------------------------------------------

--
-- Table structure for table `child_spirit_tree_daily`
--

CREATE TABLE `child_spirit_tree_daily` (
  `id` bigint(20) UNSIGNED NOT NULL,
  `child_id` char(36) NOT NULL,
  `family_id` char(36) NOT NULL,
  `snapshot_date` date NOT NULL,
  `state` enum('withered','sicked','healthy') NOT NULL,
  `completion_rate` tinyint(3) UNSIGNED NOT NULL DEFAULT 0,
  `created_at` datetime NOT NULL DEFAULT current_timestamp(),
  `updated_at` datetime NOT NULL DEFAULT current_timestamp() ON UPDATE current_timestamp()
) ENGINE=InnoDB DEFAULT CHARSET=utf8mb4 COLLATE=utf8mb4_unicode_ci;

--
-- Dumping data for table `child_spirit_tree_daily`
--

INSERT INTO `child_spirit_tree_daily` (`id`, `child_id`, `family_id`, `snapshot_date`, `state`, `completion_rate`, `created_at`, `updated_at`) VALUES
(1, 'a70caadb-020f-49e5-acb5-f18a0ec71e9b', '09ba9399-ce6f-41f1-9155-58dc34ba954c', '2026-02-14', 'withered', 0, '2026-02-15 21:55:57', '2026-02-15 23:57:05'),
(2, '53a357f5-b4e2-45be-ae9b-fd7242889538', '09ba9399-ce6f-41f1-9155-58dc34ba954c', '2026-02-14', 'withered', 0, '2026-02-15 21:55:57', '2026-02-15 23:57:05'),
(124, '53a357f5-b4e2-45be-ae9b-fd7242889538', '09ba9399-ce6f-41f1-9155-58dc34ba954c', '2026-02-15', 'withered', 0, '2026-02-16 00:15:20', '2026-02-16 03:48:14'),
(129, 'a70caadb-020f-49e5-acb5-f18a0ec71e9b', '09ba9399-ce6f-41f1-9155-58dc34ba954c', '2026-02-15', 'withered', 0, '2026-02-16 00:15:58', '2026-02-16 03:48:14'),
(318, '53a357f5-b4e2-45be-ae9b-fd7242889538', '09ba9399-ce6f-41f1-9155-58dc34ba954c', '2026-02-16', 'withered', 0, '2026-02-17 00:35:16', '2026-02-17 23:54:19'),
(319, 'a70caadb-020f-49e5-acb5-f18a0ec71e9b', '09ba9399-ce6f-41f1-9155-58dc34ba954c', '2026-02-16', 'withered', 0, '2026-02-17 00:35:16', '2026-02-17 23:54:19'),
(516, '53a357f5-b4e2-45be-ae9b-fd7242889538', '09ba9399-ce6f-41f1-9155-58dc34ba954c', '2026-02-17', 'healthy', 100, '2026-02-18 00:03:40', '2026-02-18 23:54:37'),
(517, 'a70caadb-020f-49e5-acb5-f18a0ec71e9b', '09ba9399-ce6f-41f1-9155-58dc34ba954c', '2026-02-17', 'withered', 0, '2026-02-18 00:03:40', '2026-02-18 23:54:37'),
(680, 'b76e01b6-9b98-44bf-a8d3-f1e6c35e3c75', '09ba9399-ce6f-41f1-9155-58dc34ba954c', '2026-02-17', 'withered', 0, '2026-02-18 23:04:29', '2026-02-18 23:54:37'),
(726, 'a70caadb-020f-49e5-acb5-f18a0ec71e9b', '09ba9399-ce6f-41f1-9155-58dc34ba954c', '2026-02-18', 'withered', 0, '2026-02-19 00:07:07', '2026-02-19 01:16:02'),
(727, '53a357f5-b4e2-45be-ae9b-fd7242889538', '09ba9399-ce6f-41f1-9155-58dc34ba954c', '2026-02-18', 'withered', 20, '2026-02-19 00:07:07', '2026-02-19 01:17:22'),
(728, 'b76e01b6-9b98-44bf-a8d3-f1e6c35e3c75', '09ba9399-ce6f-41f1-9155-58dc34ba954c', '2026-02-18', 'withered', 0, '2026-02-19 00:07:07', '2026-02-19 01:16:02'),
(792, '53a357f5-b4e2-45be-ae9b-fd7242889538', '09ba9399-ce6f-41f1-9155-58dc34ba954c', '2026-02-19', 'withered', 0, '2026-02-20 21:51:28', '2026-02-20 22:28:26'),
(799, 'a70caadb-020f-49e5-acb5-f18a0ec71e9b', '09ba9399-ce6f-41f1-9155-58dc34ba954c', '2026-02-19', 'withered', 0, '2026-02-20 21:53:36', '2026-02-20 22:28:26'),
(800, 'b76e01b6-9b98-44bf-a8d3-f1e6c35e3c75', '09ba9399-ce6f-41f1-9155-58dc34ba954c', '2026-02-19', 'withered', 0, '2026-02-20 21:53:36', '2026-02-20 22:28:26'),
(810, '53a357f5-b4e2-45be-ae9b-fd7242889538', '09ba9399-ce6f-41f1-9155-58dc34ba954c', '2026-02-21', 'withered', 0, '2026-02-22 13:18:52', '2026-02-22 13:18:52'),
(1004, 'a0f3b228-35be-467c-a394-1400a53945a0', '5455ad4d-1dce-4f46-90ae-9355e8cbc5cc', '2026-02-13', 'sicked', 75, '2026-02-13 20:12:06', '2026-02-13 20:12:06'),
(1005, 'a0f3b228-35be-467c-a394-1400a53945a0', '5455ad4d-1dce-4f46-90ae-9355e8cbc5cc', '2026-02-14', 'sicked', 50, '2026-02-14 20:12:06', '2026-02-14 20:12:06'),
(1006, 'a0f3b228-35be-467c-a394-1400a53945a0', '5455ad4d-1dce-4f46-90ae-9355e8cbc5cc', '2026-02-15', 'sicked', 50, '2026-02-15 20:12:06', '2026-02-15 20:12:06'),
(1007, 'a0f3b228-35be-467c-a394-1400a53945a0', '5455ad4d-1dce-4f46-90ae-9355e8cbc5cc', '2026-02-16', 'sicked', 50, '2026-02-16 20:12:06', '2026-02-16 20:12:06'),
(1008, 'a0f3b228-35be-467c-a394-1400a53945a0', '5455ad4d-1dce-4f46-90ae-9355e8cbc5cc', '2026-02-17', 'sicked', 50, '2026-02-17 20:12:06', '2026-02-17 20:12:06'),
(1009, 'a0f3b228-35be-467c-a394-1400a53945a0', '5455ad4d-1dce-4f46-90ae-9355e8cbc5cc', '2026-02-18', 'sicked', 75, '2026-02-18 20:12:06', '2026-02-18 20:12:06'),
(1010, 'a0f3b228-35be-467c-a394-1400a53945a0', '5455ad4d-1dce-4f46-90ae-9355e8cbc5cc', '2026-02-19', 'sicked', 50, '2026-02-19 20:12:06', '2026-02-19 20:12:06'),
(1011, 'a0f3b228-35be-467c-a394-1400a53945a0', '5455ad4d-1dce-4f46-90ae-9355e8cbc5cc', '2026-02-20', 'sicked', 75, '2026-02-20 20:12:06', '2026-02-20 20:12:06'),
(1012, 'a0f3b228-35be-467c-a394-1400a53945a0', '5455ad4d-1dce-4f46-90ae-9355e8cbc5cc', '2026-02-21', 'sicked', 50, '2026-02-21 20:12:06', '2026-02-21 20:12:06'),
(1013, 'a0f3b228-35be-467c-a394-1400a53945a0', '5455ad4d-1dce-4f46-90ae-9355e8cbc5cc', '2026-02-22', 'sicked', 50, '2026-02-22 20:12:06', '2026-02-23 19:49:13'),
(1014, '933844a1-c837-4a09-862a-800d538d67c1', '5455ad4d-1dce-4f46-90ae-9355e8cbc5cc', '2026-02-13', 'sicked', 75, '2026-02-13 20:12:06', '2026-02-13 20:12:06'),
(1015, '933844a1-c837-4a09-862a-800d538d67c1', '5455ad4d-1dce-4f46-90ae-9355e8cbc5cc', '2026-02-14', 'sicked', 50, '2026-02-14 20:12:06', '2026-02-14 20:12:06'),
(1016, '933844a1-c837-4a09-862a-800d538d67c1', '5455ad4d-1dce-4f46-90ae-9355e8cbc5cc', '2026-02-15', 'sicked', 50, '2026-02-15 20:12:06', '2026-02-15 20:12:06'),
(1017, '933844a1-c837-4a09-862a-800d538d67c1', '5455ad4d-1dce-4f46-90ae-9355e8cbc5cc', '2026-02-16', 'sicked', 50, '2026-02-16 20:12:06', '2026-02-16 20:12:06'),
(1018, '933844a1-c837-4a09-862a-800d538d67c1', '5455ad4d-1dce-4f46-90ae-9355e8cbc5cc', '2026-02-17', 'sicked', 50, '2026-02-17 20:12:06', '2026-02-17 20:12:06'),
(1019, '933844a1-c837-4a09-862a-800d538d67c1', '5455ad4d-1dce-4f46-90ae-9355e8cbc5cc', '2026-02-18', 'sicked', 75, '2026-02-18 20:12:06', '2026-02-18 20:12:06'),
(1020, '933844a1-c837-4a09-862a-800d538d67c1', '5455ad4d-1dce-4f46-90ae-9355e8cbc5cc', '2026-02-19', 'sicked', 50, '2026-02-19 20:12:06', '2026-02-19 20:12:06'),
(1021, '933844a1-c837-4a09-862a-800d538d67c1', '5455ad4d-1dce-4f46-90ae-9355e8cbc5cc', '2026-02-20', 'sicked', 75, '2026-02-20 20:12:06', '2026-02-20 20:12:06'),
(1022, '933844a1-c837-4a09-862a-800d538d67c1', '5455ad4d-1dce-4f46-90ae-9355e8cbc5cc', '2026-02-21', 'sicked', 50, '2026-02-21 20:12:06', '2026-02-21 20:12:06'),
(1023, '933844a1-c837-4a09-862a-800d538d67c1', '5455ad4d-1dce-4f46-90ae-9355e8cbc5cc', '2026-02-22', 'sicked', 50, '2026-02-22 20:12:06', '2026-02-23 19:49:13'),
(1024, '52789d9c-e195-4207-82d6-8f6f7fdd8a5b', 'a7c631f8-1f35-4209-9430-71ddd60d9acd', '2026-02-16', 'withered', 0, '2026-02-16 20:12:06', '2026-02-16 20:12:06'),
(1025, '52789d9c-e195-4207-82d6-8f6f7fdd8a5b', 'a7c631f8-1f35-4209-9430-71ddd60d9acd', '2026-02-17', 'withered', 0, '2026-02-17 20:12:06', '2026-02-17 20:12:06'),
(1026, '52789d9c-e195-4207-82d6-8f6f7fdd8a5b', 'a7c631f8-1f35-4209-9430-71ddd60d9acd', '2026-02-18', 'withered', 25, '2026-02-18 20:12:06', '2026-02-18 20:12:06'),
(1027, '52789d9c-e195-4207-82d6-8f6f7fdd8a5b', 'a7c631f8-1f35-4209-9430-71ddd60d9acd', '2026-02-19', 'withered', 25, '2026-02-19 20:12:06', '2026-02-19 20:12:06'),
(1028, '52789d9c-e195-4207-82d6-8f6f7fdd8a5b', 'a7c631f8-1f35-4209-9430-71ddd60d9acd', '2026-02-20', 'withered', 25, '2026-02-20 20:12:06', '2026-02-20 20:12:06'),
(1029, '52789d9c-e195-4207-82d6-8f6f7fdd8a5b', 'a7c631f8-1f35-4209-9430-71ddd60d9acd', '2026-02-21', 'withered', 25, '2026-02-21 20:12:06', '2026-02-21 20:12:06'),
(1030, '52789d9c-e195-4207-82d6-8f6f7fdd8a5b', 'a7c631f8-1f35-4209-9430-71ddd60d9acd', '2026-02-22', 'withered', 0, '2026-02-22 20:12:06', '2026-02-22 20:12:06'),
(1031, 'bd8184d2-29cf-4093-8ecc-87513ce59f93', 'a7c631f8-1f35-4209-9430-71ddd60d9acd', '2026-02-16', 'withered', 0, '2026-02-16 20:12:06', '2026-02-16 20:12:06'),
(1032, 'bd8184d2-29cf-4093-8ecc-87513ce59f93', 'a7c631f8-1f35-4209-9430-71ddd60d9acd', '2026-02-17', 'withered', 0, '2026-02-17 20:12:06', '2026-02-17 20:12:06'),
(1033, 'bd8184d2-29cf-4093-8ecc-87513ce59f93', 'a7c631f8-1f35-4209-9430-71ddd60d9acd', '2026-02-18', 'withered', 25, '2026-02-18 20:12:06', '2026-02-18 20:12:06'),
(1034, 'bd8184d2-29cf-4093-8ecc-87513ce59f93', 'a7c631f8-1f35-4209-9430-71ddd60d9acd', '2026-02-19', 'withered', 25, '2026-02-19 20:12:06', '2026-02-19 20:12:06'),
(1035, 'bd8184d2-29cf-4093-8ecc-87513ce59f93', 'a7c631f8-1f35-4209-9430-71ddd60d9acd', '2026-02-20', 'withered', 25, '2026-02-20 20:12:06', '2026-02-20 20:12:06'),
(1036, 'bd8184d2-29cf-4093-8ecc-87513ce59f93', 'a7c631f8-1f35-4209-9430-71ddd60d9acd', '2026-02-21', 'withered', 25, '2026-02-21 20:12:06', '2026-02-21 20:12:06'),
(1037, 'bd8184d2-29cf-4093-8ecc-87513ce59f93', 'a7c631f8-1f35-4209-9430-71ddd60d9acd', '2026-02-22', 'withered', 0, '2026-02-22 20:12:06', '2026-02-22 20:12:06'),
(1038, '89d2f542-171d-4ee9-9a6d-d9189c77cf35', '694f769f-c1fb-498c-9a94-db0502f95e39', '2026-02-13', 'withered', 0, '2026-02-13 20:12:06', '2026-02-13 20:12:06'),
(1039, '89d2f542-171d-4ee9-9a6d-d9189c77cf35', '694f769f-c1fb-498c-9a94-db0502f95e39', '2026-02-14', 'withered', 0, '2026-02-14 20:12:06', '2026-02-14 20:12:06'),
(1040, '89d2f542-171d-4ee9-9a6d-d9189c77cf35', '694f769f-c1fb-498c-9a94-db0502f95e39', '2026-02-15', 'withered', 25, '2026-02-15 20:12:06', '2026-02-15 20:12:06'),
(1041, '89d2f542-171d-4ee9-9a6d-d9189c77cf35', '694f769f-c1fb-498c-9a94-db0502f95e39', '2026-02-16', 'withered', 25, '2026-02-16 20:12:06', '2026-02-16 20:12:06'),
(1042, '89d2f542-171d-4ee9-9a6d-d9189c77cf35', '694f769f-c1fb-498c-9a94-db0502f95e39', '2026-02-17', 'withered', 25, '2026-02-17 20:12:06', '2026-02-17 20:12:06'),
(1043, '89d2f542-171d-4ee9-9a6d-d9189c77cf35', '694f769f-c1fb-498c-9a94-db0502f95e39', '2026-02-18', 'withered', 25, '2026-02-18 20:12:06', '2026-02-18 20:12:06'),
(1044, '89d2f542-171d-4ee9-9a6d-d9189c77cf35', '694f769f-c1fb-498c-9a94-db0502f95e39', '2026-02-19', 'withered', 0, '2026-02-19 20:12:06', '2026-02-19 20:12:06'),
(1045, '89d2f542-171d-4ee9-9a6d-d9189c77cf35', '694f769f-c1fb-498c-9a94-db0502f95e39', '2026-02-20', 'withered', 0, '2026-02-20 20:12:06', '2026-02-20 20:12:06'),
(1046, '89d2f542-171d-4ee9-9a6d-d9189c77cf35', '694f769f-c1fb-498c-9a94-db0502f95e39', '2026-02-21', 'withered', 0, '2026-02-21 20:12:06', '2026-02-21 20:12:06'),
(1047, '89d2f542-171d-4ee9-9a6d-d9189c77cf35', '694f769f-c1fb-498c-9a94-db0502f95e39', '2026-02-22', 'withered', 25, '2026-02-22 20:12:06', '2026-02-22 20:12:06'),
(1048, '709f021f-ac68-4c01-a3c6-98b6368fae25', '694f769f-c1fb-498c-9a94-db0502f95e39', '2026-02-13', 'withered', 0, '2026-02-13 20:12:06', '2026-02-13 20:12:06'),
(1049, '709f021f-ac68-4c01-a3c6-98b6368fae25', '694f769f-c1fb-498c-9a94-db0502f95e39', '2026-02-14', 'withered', 0, '2026-02-14 20:12:06', '2026-02-14 20:12:06'),
(1050, '709f021f-ac68-4c01-a3c6-98b6368fae25', '694f769f-c1fb-498c-9a94-db0502f95e39', '2026-02-15', 'withered', 25, '2026-02-15 20:12:06', '2026-02-15 20:12:06'),
(1051, '709f021f-ac68-4c01-a3c6-98b6368fae25', '694f769f-c1fb-498c-9a94-db0502f95e39', '2026-02-16', 'withered', 25, '2026-02-16 20:12:06', '2026-02-16 20:12:06'),
(1052, '709f021f-ac68-4c01-a3c6-98b6368fae25', '694f769f-c1fb-498c-9a94-db0502f95e39', '2026-02-17', 'withered', 25, '2026-02-17 20:12:06', '2026-02-17 20:12:06'),
(1053, '709f021f-ac68-4c01-a3c6-98b6368fae25', '694f769f-c1fb-498c-9a94-db0502f95e39', '2026-02-18', 'withered', 25, '2026-02-18 20:12:06', '2026-02-18 20:12:06'),
(1054, '709f021f-ac68-4c01-a3c6-98b6368fae25', '694f769f-c1fb-498c-9a94-db0502f95e39', '2026-02-19', 'withered', 0, '2026-02-19 20:12:06', '2026-02-19 20:12:06'),
(1055, '709f021f-ac68-4c01-a3c6-98b6368fae25', '694f769f-c1fb-498c-9a94-db0502f95e39', '2026-02-20', 'withered', 0, '2026-02-20 20:12:06', '2026-02-20 20:12:06'),
(1056, '709f021f-ac68-4c01-a3c6-98b6368fae25', '694f769f-c1fb-498c-9a94-db0502f95e39', '2026-02-21', 'withered', 0, '2026-02-21 20:12:06', '2026-02-21 20:12:06'),
(1057, '709f021f-ac68-4c01-a3c6-98b6368fae25', '694f769f-c1fb-498c-9a94-db0502f95e39', '2026-02-22', 'withered', 25, '2026-02-22 20:12:06', '2026-02-22 20:12:06'),
(1058, '600f9b09-6922-4b6d-8ac4-32d909a9441d', '7fdf1f0f-9ea2-4378-8ea9-adc9575d745b', '2026-02-13', 'withered', 0, '2026-02-13 20:12:06', '2026-02-13 20:12:06'),
(1059, '600f9b09-6922-4b6d-8ac4-32d909a9441d', '7fdf1f0f-9ea2-4378-8ea9-adc9575d745b', '2026-02-14', 'withered', 0, '2026-02-14 20:12:06', '2026-02-14 20:12:06'),
(1060, '600f9b09-6922-4b6d-8ac4-32d909a9441d', '7fdf1f0f-9ea2-4378-8ea9-adc9575d745b', '2026-02-15', 'withered', 25, '2026-02-15 20:12:06', '2026-02-15 20:12:06'),
(1061, '600f9b09-6922-4b6d-8ac4-32d909a9441d', '7fdf1f0f-9ea2-4378-8ea9-adc9575d745b', '2026-02-16', 'withered', 25, '2026-02-16 20:12:06', '2026-02-16 20:12:06'),
(1062, '600f9b09-6922-4b6d-8ac4-32d909a9441d', '7fdf1f0f-9ea2-4378-8ea9-adc9575d745b', '2026-02-17', 'withered', 25, '2026-02-17 20:12:06', '2026-02-17 20:12:06'),
(1063, '600f9b09-6922-4b6d-8ac4-32d909a9441d', '7fdf1f0f-9ea2-4378-8ea9-adc9575d745b', '2026-02-18', 'withered', 25, '2026-02-18 20:12:06', '2026-02-18 20:12:06'),
(1064, '600f9b09-6922-4b6d-8ac4-32d909a9441d', '7fdf1f0f-9ea2-4378-8ea9-adc9575d745b', '2026-02-19', 'withered', 0, '2026-02-19 20:12:06', '2026-02-19 20:12:06'),
(1065, '600f9b09-6922-4b6d-8ac4-32d909a9441d', '7fdf1f0f-9ea2-4378-8ea9-adc9575d745b', '2026-02-20', 'withered', 0, '2026-02-20 20:12:06', '2026-02-20 20:12:06'),
(1066, '600f9b09-6922-4b6d-8ac4-32d909a9441d', '7fdf1f0f-9ea2-4378-8ea9-adc9575d745b', '2026-02-21', 'withered', 0, '2026-02-21 20:12:06', '2026-02-21 20:12:06'),
(1067, '600f9b09-6922-4b6d-8ac4-32d909a9441d', '7fdf1f0f-9ea2-4378-8ea9-adc9575d745b', '2026-02-22', 'withered', 25, '2026-02-22 20:12:06', '2026-02-22 20:12:06'),
(1068, 'faba9c3a-667b-44d0-84d3-5e24ac3e417a', '7fdf1f0f-9ea2-4378-8ea9-adc9575d745b', '2026-02-13', 'withered', 0, '2026-02-13 20:12:06', '2026-02-13 20:12:06'),
(1069, 'faba9c3a-667b-44d0-84d3-5e24ac3e417a', '7fdf1f0f-9ea2-4378-8ea9-adc9575d745b', '2026-02-14', 'withered', 0, '2026-02-14 20:12:06', '2026-02-14 20:12:06'),
(1070, 'faba9c3a-667b-44d0-84d3-5e24ac3e417a', '7fdf1f0f-9ea2-4378-8ea9-adc9575d745b', '2026-02-15', 'withered', 25, '2026-02-15 20:12:06', '2026-02-15 20:12:06'),
(1071, 'faba9c3a-667b-44d0-84d3-5e24ac3e417a', '7fdf1f0f-9ea2-4378-8ea9-adc9575d745b', '2026-02-16', 'withered', 25, '2026-02-16 20:12:06', '2026-02-16 20:12:06'),
(1072, 'faba9c3a-667b-44d0-84d3-5e24ac3e417a', '7fdf1f0f-9ea2-4378-8ea9-adc9575d745b', '2026-02-17', 'withered', 25, '2026-02-17 20:12:06', '2026-02-17 20:12:06'),
(1073, 'faba9c3a-667b-44d0-84d3-5e24ac3e417a', '7fdf1f0f-9ea2-4378-8ea9-adc9575d745b', '2026-02-18', 'withered', 25, '2026-02-18 20:12:06', '2026-02-18 20:12:06'),
(1074, 'faba9c3a-667b-44d0-84d3-5e24ac3e417a', '7fdf1f0f-9ea2-4378-8ea9-adc9575d745b', '2026-02-19', 'withered', 0, '2026-02-19 20:12:06', '2026-02-19 20:12:06'),
(1075, 'faba9c3a-667b-44d0-84d3-5e24ac3e417a', '7fdf1f0f-9ea2-4378-8ea9-adc9575d745b', '2026-02-20', 'withered', 0, '2026-02-20 20:12:06', '2026-02-20 20:12:06'),
(1076, 'faba9c3a-667b-44d0-84d3-5e24ac3e417a', '7fdf1f0f-9ea2-4378-8ea9-adc9575d745b', '2026-02-21', 'withered', 0, '2026-02-21 20:12:06', '2026-02-21 20:12:06'),
(1077, 'faba9c3a-667b-44d0-84d3-5e24ac3e417a', '7fdf1f0f-9ea2-4378-8ea9-adc9575d745b', '2026-02-22', 'withered', 25, '2026-02-22 20:12:06', '2026-02-22 20:12:06'),
(1078, 'aefcb8b0-f0dc-4b24-8b93-dd9706e95c1b', '91d388d2-14cb-4367-a414-70fce80e1b55', '2026-02-21', 'withered', 0, '2026-02-22 22:31:09', '2026-02-22 23:57:27'),
(1079, '57b63a08-8c87-4a94-a02c-07d3c71f5ca4', '91d388d2-14cb-4367-a414-70fce80e1b55', '2026-02-21', 'withered', 0, '2026-02-22 22:31:09', '2026-02-22 23:57:43'),
(1080, 'db350c42-d8a7-430e-ad9c-172702b705cf', '91d388d2-14cb-4367-a414-70fce80e1b55', '2026-02-21', 'withered', 0, '2026-02-22 22:31:09', '2026-02-22 23:57:27'),
(1174, '57b63a08-8c87-4a94-a02c-07d3c71f5ca4', '91d388d2-14cb-4367-a414-70fce80e1b55', '2026-02-22', 'withered', 33, '2026-02-23 00:00:15', '2026-02-23 00:21:29'),
(1183, 'aefcb8b0-f0dc-4b24-8b93-dd9706e95c1b', '91d388d2-14cb-4367-a414-70fce80e1b55', '2026-02-22', 'withered', 0, '2026-02-23 00:01:41', '2026-02-23 00:15:52'),
(1184, 'db350c42-d8a7-430e-ad9c-172702b705cf', '91d388d2-14cb-4367-a414-70fce80e1b55', '2026-02-22', 'withered', 0, '2026-02-23 00:01:41', '2026-02-23 00:15:52'),
(1292, '5d521922-ff1d-4140-b22a-b7e262d7f525', '5455ad4d-1dce-4f46-90ae-9355e8cbc5cc', '2026-02-22', 'withered', 0, '2026-02-23 00:18:46', '2026-02-23 19:49:13'),
(1293, '08dc5fe3-c9b0-456c-be1d-71a3dc543687', '5455ad4d-1dce-4f46-90ae-9355e8cbc5cc', '2026-02-22', 'withered', 0, '2026-02-23 00:18:46', '2026-02-23 19:49:13'),
(1361, 'c4135d7b-0e3c-4e58-b4a7-19c3e73fa886', '9585c503-dce6-4ba6-943c-206c96436489', '2026-02-22', 'withered', 0, '2026-02-23 19:27:34', '2026-02-23 19:28:39');

-- --------------------------------------------------------

--
-- Table structure for table `crystal_ledger`
--

CREATE TABLE `crystal_ledger` (
  `id` char(36) NOT NULL,
  `user_id` char(36) NOT NULL,
  `amount` int(11) NOT NULL,
  `type` enum('quest_reward','purchase') NOT NULL,
  `source_id` char(36) DEFAULT NULL,
  `created_at` datetime NOT NULL DEFAULT current_timestamp()
) ENGINE=InnoDB DEFAULT CHARSET=utf8mb4 COLLATE=utf8mb4_unicode_ci;

--
-- Dumping data for table `crystal_ledger`
--

INSERT INTO `crystal_ledger` (`id`, `user_id`, `amount`, `type`, `source_id`, `created_at`) VALUES
('0099d87d-9211-4011-8722-b670c08e0af5', '933844a1-c837-4a09-862a-800d538d67c1', 8, 'quest_reward', 'ff740ca5-a2e6-4cd1-8d76-448ee52ce264', '2026-02-22 20:12:06'),
('0437575a-fdb1-40e9-8de1-4129003443eb', 'a0f3b228-35be-467c-a394-1400a53945a0', 15, 'quest_reward', '288eac2f-a61b-4e08-946b-b39a6c4bf9cd', '2026-02-23 19:29:49'),
('04a9f831-e1c3-4bed-9c0a-7bca6b39615e', 'a0f3b228-35be-467c-a394-1400a53945a0', 10, 'quest_reward', 'a012e04c-e1b3-46c8-a924-974bcfdf752a', '2026-02-14 20:12:06'),
('074fbf44-8718-4bea-abeb-c00a25907b5c', '53a357f5-b4e2-45be-ae9b-fd7242889538', 0, 'quest_reward', 'c686eb9e-65ac-440d-8857-a5dc3c29e7a2', '2026-02-08 01:54:46'),
('0931fb7f-dd16-452b-8a7c-99f68dda9fa1', 'bd8184d2-29cf-4093-8ecc-87513ce59f93', 10, 'quest_reward', '584c3fa6-dd5e-4545-a8d1-32b6bc982ab8', '2026-02-21 20:12:06'),
('0c881003-5865-45a8-8686-0f71c4843033', '53a357f5-b4e2-45be-ae9b-fd7242889538', 10, 'quest_reward', '13fe3e23-2ade-4e63-a022-abea24145643', '2026-02-08 01:54:38'),
('0fac11e9-ad5f-4c8a-9ec5-4009736d75f3', '53a357f5-b4e2-45be-ae9b-fd7242889538', 50, 'quest_reward', '5665aa93-72f4-4e89-b611-8f669459ca2b', '2026-02-08 01:54:40'),
('132b8d66-df07-4708-bc06-0f39b58b45b4', 'a0f3b228-35be-467c-a394-1400a53945a0', 50, 'quest_reward', '53597387-6ce4-4464-aa10-0561b8d38477', '2026-02-23 19:25:45'),
('13b12036-01bd-4bae-b0f5-1536f956a618', 'faba9c3a-667b-44d0-84d3-5e24ac3e417a', 5, 'quest_reward', '42ed341b-396b-45a4-8dab-2761eac73896', '2026-02-15 20:12:06'),
('13bf7f97-8726-4df4-be9e-976264740a4d', 'a0f3b228-35be-467c-a394-1400a53945a0', 8, 'quest_reward', '1c2257a8-fb22-48ed-b549-8dc55da66862', '2026-02-20 20:12:06'),
('16b9814f-159e-4d0e-a538-314ec44c3051', 'a0f3b228-35be-467c-a394-1400a53945a0', 15, 'quest_reward', '696c4cd7-729e-4479-8cac-588dceccb4ff', '2026-02-22 20:12:06'),
('18a88ace-a776-48d8-b317-7d23191e6cca', '933844a1-c837-4a09-862a-800d538d67c1', 8, 'quest_reward', 'b2af1c91-e988-4bb7-a851-736c657ec210', '2026-02-15 20:12:06'),
('1c24f0a2-06de-454a-9e0e-4c2ebbc22fe4', 'a0f3b228-35be-467c-a394-1400a53945a0', 12, 'quest_reward', '50117178-0793-4fee-bc08-26b2385d9b4f', '2026-02-13 20:12:06'),
('1daedba8-414e-497b-ba8a-d7223de06297', '709f021f-ac68-4c01-a3c6-98b6368fae25', 7, 'quest_reward', '19095e2d-52d4-48cf-821a-4e25577e0858', '2026-02-16 20:12:06'),
('1e5c1cf0-5696-4096-a91f-83847be87120', '933844a1-c837-4a09-862a-800d538d67c1', 8, 'quest_reward', '57cbb298-a40a-4293-9d88-38a09b02d817', '2026-02-18 20:12:06'),
('1fdcf8f8-e2a0-46c5-8e2f-6b5eb6054822', '933844a1-c837-4a09-862a-800d538d67c1', 15, 'quest_reward', 'bebb5910-0b97-477c-9223-66c83c27619e', '2026-02-13 20:12:06'),
('2cb3f68f-c265-4f65-b2e5-df7aeed93d84', '52789d9c-e195-4207-82d6-8f6f7fdd8a5b', 10, 'quest_reward', 'eba3860f-d7d5-4bcd-8127-ba5da23e5d5d', '2026-02-21 20:12:06'),
('2d5e26c2-7ef4-4163-b65e-8af63745db4e', 'faba9c3a-667b-44d0-84d3-5e24ac3e417a', 8, 'quest_reward', 'fbbd9c94-f27b-47ee-9a1b-4e5a4dbfb0a7', '2026-02-16 20:12:06'),
('2d7727a8-c009-4872-a0b4-2af4638433eb', 'a0f3b228-35be-467c-a394-1400a53945a0', 10, 'quest_reward', '4e74f67b-ed69-4bff-9aaa-13b390f31274', '2026-02-18 20:12:06'),
('2f67ca0f-0222-436b-bdeb-8471a43ba618', '933844a1-c837-4a09-862a-800d538d67c1', 8, 'quest_reward', '9e167175-75df-4ae2-8006-18029cb55928', '2026-02-17 20:12:06'),
('350067d7-e605-4dae-82d3-489f03fae92d', 'a0f3b228-35be-467c-a394-1400a53945a0', 8, 'quest_reward', '3ae93473-183c-42bf-a328-188f5c0af34f', '2026-02-17 20:12:06'),
('3502ed01-770e-4da2-bb33-2511841ad2cf', '600f9b09-6922-4b6d-8ac4-32d909a9441d', 8, 'quest_reward', '0e8b02a8-2bda-413b-abda-3c6fa08f4c7f', '2026-02-16 20:12:06'),
('381cadc5-4963-4eee-bc9e-26795e6d27b3', '709f021f-ac68-4c01-a3c6-98b6368fae25', -13, 'purchase', 'e563f101-e912-42d5-b8de-a3c1eabdbf02', '2026-02-22 20:12:08'),
('39679fad-38d5-4ce0-8243-f394d79e57e8', 'a0f3b228-35be-467c-a394-1400a53945a0', 8, 'quest_reward', '05fc9c8f-a49e-4022-8a03-eab8be69296b', '2026-02-13 20:12:06'),
('3bb677a6-202d-463a-b35b-43a7a78cbd36', 'a0f3b228-35be-467c-a394-1400a53945a0', 10, 'quest_reward', '26a86c9e-ad9e-4aa3-8a97-d9e9a84c24f7', '2026-02-16 20:12:06'),
('3c4da53a-6709-4a8a-96b6-30559ae0b0b3', 'a0f3b228-35be-467c-a394-1400a53945a0', 10, 'quest_reward', '822633ee-abd9-40f2-bab8-36a3fb57e45c', '2026-02-21 20:12:06'),
('40806cfe-e0cf-4380-bfdc-43a1e9ef932f', 'faba9c3a-667b-44d0-84d3-5e24ac3e417a', 7, 'quest_reward', 'cec81526-b33b-4db4-97e6-29bcd99d490d', '2026-02-17 20:12:06'),
('4103499f-59bb-4c99-8e60-161b87a2bb18', '53a357f5-b4e2-45be-ae9b-fd7242889538', 30, 'quest_reward', '59823761-c8e6-4a48-88e8-27e7c436e441', '2026-02-04 18:20:54'),
('41353c21-495f-4fa9-bc43-68b64e5321d6', '933844a1-c837-4a09-862a-800d538d67c1', 15, 'quest_reward', 'b1827b2d-f213-45c8-bb96-aab02f23b27d', '2026-02-22 20:12:06'),
('44c8d8a3-8827-424c-85b8-07a394e7a3a6', 'a0f3b228-35be-467c-a394-1400a53945a0', 8, 'quest_reward', '20365237-6832-4c48-bea3-7f3b2cc7bf9f', '2026-02-22 20:12:06'),
('458d0cbc-29e7-4ee5-8580-9c3ded77fd71', '600f9b09-6922-4b6d-8ac4-32d909a9441d', 5, 'quest_reward', 'aff2b8f2-8fc7-4c99-a445-102284a6c31e', '2026-02-15 20:12:06'),
('47c5c35f-5e92-4178-bf17-4f9339b82937', '709f021f-ac68-4c01-a3c6-98b6368fae25', 8, 'quest_reward', 'cc10b7ec-9329-40d9-b070-976b9e9eb640', '2026-02-17 20:12:06'),
('483e1fb5-dd36-47d1-bd49-43c13cf9fdc6', 'a0f3b228-35be-467c-a394-1400a53945a0', 8, 'quest_reward', '90458024-7766-447a-b0fb-37e77f0acb1f', '2026-02-18 20:12:06'),
('496fdfeb-44cd-4963-8169-7adc5d0593c7', 'a0f3b228-35be-467c-a394-1400a53945a0', 12, 'quest_reward', '36746ef9-2107-4508-a760-e9a3a029da74', '2026-02-14 20:12:06'),
('4c7d985a-77c5-4edc-9201-f94dd3c3d891', '933844a1-c837-4a09-862a-800d538d67c1', 10, 'quest_reward', '9d9831dc-5eed-40c9-b6c4-460c82b4b212', '2026-02-18 20:12:06'),
('4c88aa62-e576-44ca-aa5f-11e52c6c6294', '52789d9c-e195-4207-82d6-8f6f7fdd8a5b', 6, 'quest_reward', 'c9d26484-ef62-4100-add9-64ebc5750622', '2026-02-18 20:12:06'),
('4e43f8eb-4937-4fdc-bad5-77f633c23648', '933844a1-c837-4a09-862a-800d538d67c1', 12, 'quest_reward', '381e6bf5-9f58-4fcc-8ba1-2bcc7e2cf3aa', '2026-02-21 20:12:06'),
('521eac9e-1028-4751-81ec-1e325c35c15a', '57b63a08-8c87-4a94-a02c-07d3c71f5ca4', 1, 'quest_reward', 'ebf138f7-210f-4410-9067-85529226361d', '2026-02-23 00:01:32'),
('52afb7ec-fa64-4e15-ac8a-3e92b796726b', 'a0f3b228-35be-467c-a394-1400a53945a0', 8, 'quest_reward', '3973b426-d38d-4e06-8c0b-4fdaa9047edd', '2026-02-15 20:12:06'),
('539bec7d-9fe5-44fd-b65d-3dc06b4089e5', '709f021f-ac68-4c01-a3c6-98b6368fae25', 10, 'quest_reward', 'f961905f-54fa-42c2-ac21-e30c6353f34a', '2026-02-22 20:12:06'),
('53a794a0-ac85-4c7f-8315-acca29baaaf1', '600f9b09-6922-4b6d-8ac4-32d909a9441d', 7, 'quest_reward', '3d7e6a33-ad94-43a9-a6f2-29fcd36e903d', '2026-02-17 20:12:06'),
('589c19c8-38b9-4acb-9739-85bbf972f59f', 'a0f3b228-35be-467c-a394-1400a53945a0', 10, 'quest_reward', '74d2a2fc-766a-4418-b1e3-515657dad608', '2026-02-19 20:12:06'),
('5ac12ff3-7172-4396-855a-bc23ab9f0d82', '933844a1-c837-4a09-862a-800d538d67c1', -18, 'purchase', '8e04f647-02c4-4df5-a09c-4c6667ca99ec', '2026-02-22 20:12:07'),
('5f3dae7b-9685-49f5-92f5-c9b7136b8342', '933844a1-c837-4a09-862a-800d538d67c1', 15, 'quest_reward', '5be93f0d-48a5-4d15-bb27-f7e964eea13a', '2026-02-20 20:12:06'),
('6560f507-8c8d-45ad-ba9a-74a7c5ee7c4b', '89d2f542-171d-4ee9-9a6d-d9189c77cf35', 8, 'quest_reward', '3b182d10-d43c-4ed1-a38e-1964c97374af', '2026-02-17 20:12:06'),
('65a3a9e4-dff4-473e-9fb9-093ca0be0f00', '53a357f5-b4e2-45be-ae9b-fd7242889538', 10, 'quest_reward', '87e30b49-a562-4c38-a24c-44eed9124b88', '2026-02-04 19:59:18'),
('661153c1-fdde-405b-a619-9e724bcd14bf', '53a357f5-b4e2-45be-ae9b-fd7242889538', 10, 'quest_reward', 'a9c2db33-a7a4-42ae-b550-758d5d3344b5', '2026-02-17 03:13:11'),
('6693d65a-ad3b-48f6-9dcf-8dcd878796c4', '933844a1-c837-4a09-862a-800d538d67c1', 12, 'quest_reward', '80b32eee-4215-4eb2-b7ef-5658b42faf8d', '2026-02-18 20:12:06'),
('67045d16-2df8-4d21-8e08-3482cc2a2da0', '52789d9c-e195-4207-82d6-8f6f7fdd8a5b', 9, 'quest_reward', '25efbeca-4932-429b-94f0-27151a7f78dd', '2026-02-20 20:12:06'),
('6b2c8555-fe2a-465b-8807-414610f638ac', 'a0f3b228-35be-467c-a394-1400a53945a0', 12, 'quest_reward', 'c8eea530-3223-4603-9837-353b7c464921', '2026-02-16 20:12:06'),
('6b5dbe6d-9dd7-44ec-bd51-0c85189c69a3', '53a357f5-b4e2-45be-ae9b-fd7242889538', -50, 'purchase', 'ada784e1-8ee1-49cb-9b4c-986dfe26cc67', '2026-02-04 18:22:10'),
('6ca20f8c-cbe4-4fce-af61-42b4560d274e', '933844a1-c837-4a09-862a-800d538d67c1', 8, 'quest_reward', '6c42f018-a24f-4906-98dc-cab348255511', '2026-02-20 20:12:06'),
('6d7eb516-cba6-4aa6-bd40-84cb3ba5cb34', 'a0f3b228-35be-467c-a394-1400a53945a0', 12, 'quest_reward', '0337a229-3cca-4b96-afeb-4fc2670ad129', '2026-02-20 20:12:06'),
('6eea7204-6308-4ffe-a235-92518f032e11', 'a0f3b228-35be-467c-a394-1400a53945a0', 12, 'quest_reward', 'bb5829d2-b873-4f1b-9d7b-da94524b88d5', '2026-02-18 20:12:06'),
('751303b5-1289-470a-a278-3dfef0a120df', '57b63a08-8c87-4a94-a02c-07d3c71f5ca4', 2, 'quest_reward', 'f0daff51-d736-4c83-8f1d-b659a3c369fe', '2026-02-22 23:57:35'),
('7516e6a9-80c7-4236-9012-f082a077d13d', '89d2f542-171d-4ee9-9a6d-d9189c77cf35', 7, 'quest_reward', '34857c92-5997-4574-abde-499cbce84f5d', '2026-02-16 20:12:06'),
('759fbce5-ff5d-42e6-9971-66ce594c566f', '52789d9c-e195-4207-82d6-8f6f7fdd8a5b', 7, 'quest_reward', '857474f2-aa46-40ff-90f2-9b7739fc9b40', '2026-02-19 20:12:06'),
('76b63df4-a319-4d50-bb06-15e360a599a1', '933844a1-c837-4a09-862a-800d538d67c1', 8, 'quest_reward', '88ba7b2b-cb69-4629-a82d-f406057c82e4', '2026-02-13 20:12:06'),
('7732a684-78ff-4977-81f3-3bd6f6c11540', '53a357f5-b4e2-45be-ae9b-fd7242889538', 30, 'quest_reward', 'b5f90e5f-5bff-4dd0-80e8-bb7acc87aee9', '2026-02-08 01:54:42'),
('7b35080e-9a39-43e2-b38b-58e010a1a32b', '89d2f542-171d-4ee9-9a6d-d9189c77cf35', 10, 'quest_reward', '4370f4d3-a6c4-443e-880e-e3d3f58cb691', '2026-02-22 20:12:06'),
('7cc69729-0c80-40f7-8f06-2791a1a89761', 'faba9c3a-667b-44d0-84d3-5e24ac3e417a', -11, 'purchase', '5628e729-1da1-4fc2-acd1-1233e1ab9fdd', '2026-02-22 20:12:08'),
('7e66e82e-9601-43d3-85f4-9c90020daf21', 'bd8184d2-29cf-4093-8ecc-87513ce59f93', 9, 'quest_reward', '53bc4c87-675f-4da4-90e4-d2e2f1f40e74', '2026-02-20 20:12:06'),
('8773e835-e942-496c-8435-221d99a2857a', '933844a1-c837-4a09-862a-800d538d67c1', 15, 'quest_reward', 'c4d9f077-4d0b-47a0-83b8-9b57a57507f2', '2026-02-15 20:12:06'),
('8a5575d2-849a-4344-829b-a6c9b5b5ff43', '600f9b09-6922-4b6d-8ac4-32d909a9441d', -11, 'purchase', '5628e729-1da1-4fc2-acd1-1233e1ab9fdd', '2026-02-22 20:12:08'),
('8b3be84f-9a82-41b7-b926-e096044e673b', '89d2f542-171d-4ee9-9a6d-d9189c77cf35', 10, 'quest_reward', 'e40fdab0-fe8c-4a6b-94a7-0565db97971b', '2026-02-15 20:12:06'),
('8fb7b708-d8aa-4a5d-acc2-fe3934352320', '53a357f5-b4e2-45be-ae9b-fd7242889538', 10, 'quest_reward', 'bd38e836-7791-45cd-b687-1f5ef65e1ec7', '2026-02-12 01:51:16'),
('905caec2-ea7e-4e2d-a5ff-de94d12e5c54', 'faba9c3a-667b-44d0-84d3-5e24ac3e417a', 5, 'quest_reward', '28dc5133-5dd5-43ba-8fd9-af8de00b8a2f', '2026-02-22 20:12:06'),
('95badc03-6f26-4263-b208-96106705bd7f', 'a0f3b228-35be-467c-a394-1400a53945a0', 15, 'quest_reward', 'b90bb546-96d6-4356-abce-6345f4fa5d13', '2026-02-13 20:12:06'),
('96cf0350-8fdc-4d6a-ad53-ed7ba6648d3e', '57b63a08-8c87-4a94-a02c-07d3c71f5ca4', 99, 'quest_reward', '47508616-f61f-482c-87c8-424d4712d862', '2026-02-23 00:02:07'),
('9a344950-da53-4ffd-8610-dd78fe632516', '933844a1-c837-4a09-862a-800d538d67c1', 12, 'quest_reward', 'a06e55bb-e52b-4dd2-a541-d2de9ffe0bbc', '2026-02-14 20:12:06'),
('9b6f6b25-1a88-4da0-b6f3-6c494d5be0c3', 'bd8184d2-29cf-4093-8ecc-87513ce59f93', -14, 'purchase', 'ed7f066f-0889-4476-9daf-a4d5d868f000', '2026-02-22 20:12:07'),
('9c041b3c-0e11-417a-9e9c-8644c30ef8ae', '53a357f5-b4e2-45be-ae9b-fd7242889538', 6, 'quest_reward', 'e1b0e064-9c35-4f29-989b-9ddde43f13c8', '2026-02-18 23:25:23'),
('9e85fdaf-23a8-4898-8524-202beb618df2', '709f021f-ac68-4c01-a3c6-98b6368fae25', 9, 'quest_reward', '18984d21-c978-4f89-aeb9-a7932d4a52a0', '2026-02-18 20:12:06'),
('a24299fd-3f04-4dd1-98e5-16630b75a62b', '933844a1-c837-4a09-862a-800d538d67c1', 10, 'quest_reward', '90ae1906-8096-4c17-b93f-c9d49c8073fb', '2026-02-14 20:12:06'),
('a3975b90-f811-4efe-a8da-2662a4bcd1c6', 'bd8184d2-29cf-4093-8ecc-87513ce59f93', 6, 'quest_reward', '31bcc98a-3485-4007-9f08-ab0bb613f995', '2026-02-18 20:12:06'),
('a460f867-06a7-43bd-9d02-ee4674cdb972', '53a357f5-b4e2-45be-ae9b-fd7242889538', 1, 'quest_reward', '7f805b10-5262-4f86-8cd5-b27391071326', '2026-02-17 03:12:44'),
('a56046b2-60ad-4c75-9011-35356f025262', '53a357f5-b4e2-45be-ae9b-fd7242889538', 70, 'quest_reward', 'b6806adf-612e-4a94-8146-ffe7359d7f44', '2026-02-04 22:12:29'),
('a81eb3de-9454-44e8-9acd-a6fd61aff15f', '709f021f-ac68-4c01-a3c6-98b6368fae25', 10, 'quest_reward', 'a938e054-5eab-450a-9793-ef4dfd43b4ec', '2026-02-15 20:12:06'),
('aa4ba88f-95e7-4962-83c4-d52e6c15c844', 'a0f3b228-35be-467c-a394-1400a53945a0', -18, 'purchase', '8e04f647-02c4-4df5-a09c-4c6667ca99ec', '2026-02-22 20:12:06'),
('ac7ec2ee-42de-4a07-9e2a-b751209cf453', '53a357f5-b4e2-45be-ae9b-fd7242889538', 30, 'quest_reward', 'cdd4c431-8016-4482-82be-71eb963d07a7', '2026-02-04 22:21:35'),
('b102ff6e-16ac-4efc-9f77-76f66f0c989c', '933844a1-c837-4a09-862a-800d538d67c1', 12, 'quest_reward', '8eeded84-bf2d-4d50-950e-971f68af1299', '2026-02-16 20:12:06'),
('b2c64b81-3393-438f-924d-43ca67b9359f', 'a0f3b228-35be-467c-a394-1400a53945a0', 15, 'quest_reward', '7649c593-a557-4661-b78d-2422ab91a11d', '2026-02-20 20:12:06'),
('b412f518-9d77-45d5-b5e6-4d8ff7b1e079', '933844a1-c837-4a09-862a-800d538d67c1', 15, 'quest_reward', 'a62802b3-dfaa-4193-ae17-ecd60289f419', '2026-02-17 20:12:06'),
('b86c2638-ab52-47a7-9ac6-29c517ac8eb6', '933844a1-c837-4a09-862a-800d538d67c1', 10, 'quest_reward', '8e8eed87-a3e1-4762-9e61-a61c385dda95', '2026-02-19 20:12:06'),
('bc751153-2866-4ac3-9ad8-304d65a7dc0d', '52789d9c-e195-4207-82d6-8f6f7fdd8a5b', -14, 'purchase', 'ed7f066f-0889-4476-9daf-a4d5d868f000', '2026-02-22 20:12:07'),
('be87e67a-19ea-4653-8d84-264e8a288cf4', '933844a1-c837-4a09-862a-800d538d67c1', 12, 'quest_reward', '19e6b1ac-9f3d-4de2-8193-428a7141e8e1', '2026-02-20 20:12:06'),
('befa80ab-02f5-4e7f-909f-17e2315878d4', '53a357f5-b4e2-45be-ae9b-fd7242889538', 100, 'quest_reward', 'e902d0c8-8022-4500-a080-6fa5d4cda67e', '2026-02-17 03:13:17'),
('c0922300-f765-46f1-b9dc-4a410c6b7ca4', '53a357f5-b4e2-45be-ae9b-fd7242889538', 100, 'quest_reward', 'c2e9cf66-0516-4c33-8a08-9f389cd44417', '2026-02-08 01:54:44'),
('c39f1e08-4eaf-47a6-920d-6fd84f701c86', '600f9b09-6922-4b6d-8ac4-32d909a9441d', 6, 'quest_reward', '0255a232-b943-4d82-9fa2-82d7ef5264ad', '2026-02-18 20:12:06'),
('c58b4c5f-9d5d-44a2-be5c-5716f6f95f8d', 'a0f3b228-35be-467c-a394-1400a53945a0', 15, 'quest_reward', '18f89e6e-86d0-4b00-a2de-79a4200ff474', '2026-02-17 20:12:06'),
('c8bc56eb-7d10-47ed-bcf6-981dd843701b', '53a357f5-b4e2-45be-ae9b-fd7242889538', 100, 'quest_reward', '5754db0c-d35a-4789-85f8-a285d1949998', '2026-02-04 18:21:38'),
('c9bd2d58-d95c-4831-93d1-738b66229cef', 'a0f3b228-35be-467c-a394-1400a53945a0', 12, 'quest_reward', 'e6c2e4a4-8ce0-4ea2-a931-cf9cd04609e8', '2026-02-21 20:12:06'),
('c9e4b4cd-9814-46ea-9ee3-fa873a7dfe56', '89d2f542-171d-4ee9-9a6d-d9189c77cf35', 9, 'quest_reward', 'f5332653-e62e-4592-9c1c-b4b8153570f4', '2026-02-18 20:12:06'),
('ce757ef8-37a5-4993-937e-8439fef19aa2', '933844a1-c837-4a09-862a-800d538d67c1', 10, 'quest_reward', '2afb989f-02fa-4d84-bd62-4140fa15e113', '2026-02-21 20:12:06'),
('d4b3e4a4-b8bf-470e-83ab-4e3c65161afc', '89d2f542-171d-4ee9-9a6d-d9189c77cf35', -13, 'purchase', 'e563f101-e912-42d5-b8de-a3c1eabdbf02', '2026-02-22 20:12:07'),
('d757b802-46b7-4083-a1a5-d3d1898e5926', 'a0f3b228-35be-467c-a394-1400a53945a0', 10, 'quest_reward', '24af8ec0-7d21-4564-9b49-d2f59bef0a0c', '2026-02-23 00:22:14'),
('df40fe9c-b67e-43f1-9370-3a2fffdbdd13', 'a0f3b228-35be-467c-a394-1400a53945a0', 12, 'quest_reward', 'be8f56dd-2542-4bb3-91c7-66dd627a8aae', '2026-02-23 19:29:46'),
('e398d544-1454-41f4-b8a4-53991cf730a8', '53a357f5-b4e2-45be-ae9b-fd7242889538', 7, 'quest_reward', '7c373d31-8cc2-436b-8f4a-3b76cdc13385', '2026-02-17 03:13:00'),
('e3feb57b-9991-4c74-b1f9-6f185869d605', '600f9b09-6922-4b6d-8ac4-32d909a9441d', 5, 'quest_reward', 'ec325a28-6293-47e8-9576-d60154874189', '2026-02-22 20:12:06'),
('e7168960-61c5-4c8a-8ff8-f8f5c50ded01', 'a0f3b228-35be-467c-a394-1400a53945a0', 15, 'quest_reward', '6cd5b01a-dfcf-4f54-ab54-14bab5a6604d', '2026-02-19 20:12:06'),
('ed3621a3-f03e-4e5e-8414-90082da8885a', '53a357f5-b4e2-45be-ae9b-fd7242889538', -10, 'purchase', 'be00e383-0cd7-4c89-9609-c564c3a9808e', '2026-02-04 20:00:50'),
('f0077ae5-1ec3-4c46-b8d7-18a7e632af19', 'a0f3b228-35be-467c-a394-1400a53945a0', 15, 'quest_reward', '80ead4c2-e2c8-4b9b-a8e4-c32fbe861338', '2026-02-15 20:12:06'),
('f2063d8f-8437-42a7-8986-f7d04a085fd8', '53a357f5-b4e2-45be-ae9b-fd7242889538', 30, 'quest_reward', '8606a2a3-dcbf-4fb1-9c86-03acb185f63e', '2026-02-08 01:54:41'),
('f25eefe4-66ca-4077-84de-9e6162fe5573', 'bd8184d2-29cf-4093-8ecc-87513ce59f93', 7, 'quest_reward', '26264377-b610-43b6-8d60-685bacbc290e', '2026-02-19 20:12:06'),
('f3cab756-2ce2-4408-a1dd-18055743cc7b', '933844a1-c837-4a09-862a-800d538d67c1', 12, 'quest_reward', '467bd616-88f1-4a8d-91f3-b6d4ac51c618', '2026-02-13 20:12:06'),
('fc299cd3-8d4a-44ad-9a03-473a00db42a0', '933844a1-c837-4a09-862a-800d538d67c1', 10, 'quest_reward', '089e8f58-d562-4d58-9723-56fd2e56dd37', '2026-02-16 20:12:06'),
('fc498686-c441-46cb-b206-873ca1fcb31a', '933844a1-c837-4a09-862a-800d538d67c1', 15, 'quest_reward', 'a448273e-2547-41ff-bd80-2699bf5bd8ca', '2026-02-19 20:12:06'),
('ff5ad1c8-20b3-4103-a040-1761e418221f', 'faba9c3a-667b-44d0-84d3-5e24ac3e417a', 6, 'quest_reward', '7a11238d-5aff-4786-b3f2-528d6afdf33c', '2026-02-18 20:12:06');

-- --------------------------------------------------------

--
-- Table structure for table `daily_quests`
--

CREATE TABLE `daily_quests` (
  `id` char(36) NOT NULL,
  `child_id` char(36) NOT NULL,
  `quest_definition_id` char(36) NOT NULL,
  `target_date` date NOT NULL,
  `status` enum('assigned','submitted','complete','incomplete') NOT NULL DEFAULT 'assigned',
  `assigned_by` char(36) NOT NULL,
  `created_at` datetime NOT NULL DEFAULT current_timestamp()
) ENGINE=InnoDB DEFAULT CHARSET=utf8mb4 COLLATE=utf8mb4_unicode_ci;

--
-- Dumping data for table `daily_quests`
--

INSERT INTO `daily_quests` (`id`, `child_id`, `quest_definition_id`, `target_date`, `status`, `assigned_by`, `created_at`) VALUES
('005a25d7-63b8-4cf8-85e9-c8ab376b4564', '709f021f-ac68-4c01-a3c6-98b6368fae25', 'f9136216-36f6-464d-a55e-446f28f9d03e', '2026-02-14', 'assigned', '4ff82206-eefc-49c2-8bfe-278c9305cbcd', '2026-02-22 20:12:07'),
('00914f99-bd72-4912-b4f9-57d0d78c55c1', '53a357f5-b4e2-45be-ae9b-fd7242889538', '8e30cf27-454b-48a5-900a-5bcd3616a6e9', '2026-02-11', 'assigned', '3265a96e-c49d-4f2a-9712-1db566ba3b6d', '2026-02-11 01:03:01'),
('011ed912-a271-4a02-b7e5-bf99afbccba0', '600f9b09-6922-4b6d-8ac4-32d909a9441d', 'cb996346-407e-45ad-a0ab-b557c9604d0c', '2026-02-14', 'assigned', '294a4063-59d9-4609-a29a-84645a9b926a', '2026-02-22 20:12:08'),
('0127327e-82d6-406f-b0a9-2cdb2dc9df4e', '600f9b09-6922-4b6d-8ac4-32d909a9441d', '72567089-d6e1-4233-9419-c3036ea118e5', '2026-02-13', 'incomplete', '294a4063-59d9-4609-a29a-84645a9b926a', '2026-02-22 20:12:08'),
('0255a232-b943-4d82-9fa2-82d7ef5264ad', '600f9b09-6922-4b6d-8ac4-32d909a9441d', 'cb996346-407e-45ad-a0ab-b557c9604d0c', '2026-02-18', 'complete', '294a4063-59d9-4609-a29a-84645a9b926a', '2026-02-22 20:12:08'),
('0337a229-3cca-4b96-afeb-4fc2670ad129', 'a0f3b228-35be-467c-a394-1400a53945a0', 'f135cbf1-a546-407e-871d-906cfe076edf', '2026-02-20', 'complete', '06bd21fd-5a5d-4639-8d74-34d162a1232a', '2026-02-22 20:12:06'),
('03cd7d0a-c141-4ff9-8cc4-81f41919b268', '600f9b09-6922-4b6d-8ac4-32d909a9441d', '72567089-d6e1-4233-9419-c3036ea118e5', '2026-02-21', 'assigned', '294a4063-59d9-4609-a29a-84645a9b926a', '2026-02-22 20:12:08'),
('043b62f0-cb91-489a-a13d-6c9153946efd', 'faba9c3a-667b-44d0-84d3-5e24ac3e417a', 'cb996346-407e-45ad-a0ab-b557c9604d0c', '2026-02-22', 'submitted', '294a4063-59d9-4609-a29a-84645a9b926a', '2026-02-22 20:12:08'),
('04790393-f3da-49ac-869e-f819caa5707b', '89d2f542-171d-4ee9-9a6d-d9189c77cf35', '7179b4c7-dbb9-4055-9695-9de4461d1d98', '2026-02-14', 'incomplete', '4ff82206-eefc-49c2-8bfe-278c9305cbcd', '2026-02-22 20:12:07'),
('056c8342-d1e4-4307-ab8d-26d645730cc7', 'faba9c3a-667b-44d0-84d3-5e24ac3e417a', '72567089-d6e1-4233-9419-c3036ea118e5', '2026-02-16', 'incomplete', '294a4063-59d9-4609-a29a-84645a9b926a', '2026-02-22 20:12:08'),
('058597a4-7155-40f0-ba66-9828d52153e6', 'a0f3b228-35be-467c-a394-1400a53945a0', '4c903ec2-d668-411c-9e95-6277a545300f', '2026-02-13', 'submitted', '06bd21fd-5a5d-4639-8d74-34d162a1232a', '2026-02-22 20:12:06'),
('05fc9c8f-a49e-4022-8a03-eab8be69296b', 'a0f3b228-35be-467c-a394-1400a53945a0', 'c2681458-1589-4fe2-9710-169049e18935', '2026-02-13', 'complete', '06bd21fd-5a5d-4639-8d74-34d162a1232a', '2026-02-22 20:12:06'),
('07d3ca8e-41f4-464c-90e4-9d0519f1f2ff', '52789d9c-e195-4207-82d6-8f6f7fdd8a5b', '9cbafabd-3903-4440-a0c9-abfca029d9fd', '2026-02-20', 'assigned', 'c07b47fc-7e09-4800-977d-a1ebf82034cc', '2026-02-22 20:12:07'),
('08845a0c-4c17-4032-9b78-62e4b7c1c020', '600f9b09-6922-4b6d-8ac4-32d909a9441d', '72567089-d6e1-4233-9419-c3036ea118e5', '2026-02-19', 'submitted', '294a4063-59d9-4609-a29a-84645a9b926a', '2026-02-22 20:12:08'),
('088c9b49-8fcf-4222-96d2-22e3bde93407', 'faba9c3a-667b-44d0-84d3-5e24ac3e417a', '72567089-d6e1-4233-9419-c3036ea118e5', '2026-02-18', 'assigned', '294a4063-59d9-4609-a29a-84645a9b926a', '2026-02-22 20:12:08'),
('089e8f58-d562-4d58-9723-56fd2e56dd37', '933844a1-c837-4a09-862a-800d538d67c1', '4c903ec2-d668-411c-9e95-6277a545300f', '2026-02-16', 'complete', '06bd21fd-5a5d-4639-8d74-34d162a1232a', '2026-02-22 20:12:06'),
('0960739b-8437-492e-9351-f2f3a39f94a2', '933844a1-c837-4a09-862a-800d538d67c1', 'c2681458-1589-4fe2-9710-169049e18935', '2026-02-16', 'incomplete', '06bd21fd-5a5d-4639-8d74-34d162a1232a', '2026-02-22 20:12:06'),
('09d0a427-c00f-40f1-9248-d7478501c8cc', '89d2f542-171d-4ee9-9a6d-d9189c77cf35', '44f626ec-ebfc-4b12-9797-e8699ea6d76a', '2026-02-19', 'incomplete', '4ff82206-eefc-49c2-8bfe-278c9305cbcd', '2026-02-22 20:12:07'),
('0a0558dd-6421-4429-bd82-8937275480d2', 'faba9c3a-667b-44d0-84d3-5e24ac3e417a', '72567089-d6e1-4233-9419-c3036ea118e5', '2026-02-14', 'assigned', '294a4063-59d9-4609-a29a-84645a9b926a', '2026-02-22 20:12:08'),
('0e8b02a8-2bda-413b-abda-3c6fa08f4c7f', '600f9b09-6922-4b6d-8ac4-32d909a9441d', 'a456e33b-ebb9-4910-8b51-6eaae438e007', '2026-02-16', 'complete', '294a4063-59d9-4609-a29a-84645a9b926a', '2026-02-22 20:12:08'),
('0ea54c3b-1e73-4cde-819c-94a3342b92d3', '53a357f5-b4e2-45be-ae9b-fd7242889538', 'e1272da5-75a5-4646-b78d-d95021a4aec4', '2026-02-11', 'assigned', '3265a96e-c49d-4f2a-9712-1db566ba3b6d', '2026-02-11 01:06:54'),
('0ec36b20-771d-46de-a8b9-a046293fb8fd', '600f9b09-6922-4b6d-8ac4-32d909a9441d', 'a456e33b-ebb9-4910-8b51-6eaae438e007', '2026-02-22', 'assigned', '294a4063-59d9-4609-a29a-84645a9b926a', '2026-02-22 20:12:08'),
('0fdfed0b-1e39-437e-99ff-c3f427e0b68a', '89d2f542-171d-4ee9-9a6d-d9189c77cf35', '7179b4c7-dbb9-4055-9695-9de4461d1d98', '2026-02-20', 'submitted', '4ff82206-eefc-49c2-8bfe-278c9305cbcd', '2026-02-22 20:12:07'),
('0ff14515-6879-420b-b887-98d3732fec03', 'bd8184d2-29cf-4093-8ecc-87513ce59f93', '0d9146fd-455f-40d0-accd-b5b93dfd88e8', '2026-02-17', 'assigned', 'c07b47fc-7e09-4800-977d-a1ebf82034cc', '2026-02-22 20:12:07'),
('10d6d215-3d4e-4193-aa83-8a3bebc42890', '709f021f-ac68-4c01-a3c6-98b6368fae25', '20205e50-a82b-419a-8e58-6258dab23c6e', '2026-02-17', 'incomplete', '4ff82206-eefc-49c2-8bfe-278c9305cbcd', '2026-02-22 20:12:08'),
('11c18bd8-4cc0-41f2-8e7e-d7a46b19f765', 'faba9c3a-667b-44d0-84d3-5e24ac3e417a', 'a456e33b-ebb9-4910-8b51-6eaae438e007', '2026-02-17', 'incomplete', '294a4063-59d9-4609-a29a-84645a9b926a', '2026-02-22 20:12:08'),
('11f3bb95-eebe-485c-97df-b88e685eca67', '89d2f542-171d-4ee9-9a6d-d9189c77cf35', '7179b4c7-dbb9-4055-9695-9de4461d1d98', '2026-02-22', 'assigned', '4ff82206-eefc-49c2-8bfe-278c9305cbcd', '2026-02-22 20:12:07'),
('1217d80f-8adb-4901-a90a-e0837fa079af', '53a357f5-b4e2-45be-ae9b-fd7242889538', '69a8ec65-343c-44f8-b16c-f70ae98a1793', '2026-02-11', 'assigned', '3265a96e-c49d-4f2a-9712-1db566ba3b6d', '2026-02-11 00:42:26'),
('132544a8-dc67-47e8-90b8-66fe75db4b67', '89d2f542-171d-4ee9-9a6d-d9189c77cf35', '44f626ec-ebfc-4b12-9797-e8699ea6d76a', '2026-02-13', 'assigned', '4ff82206-eefc-49c2-8bfe-278c9305cbcd', '2026-02-22 20:12:07'),
('135f3d4b-8ad1-4393-bdac-d5145b0ef735', '53a357f5-b4e2-45be-ae9b-fd7242889538', '36d8e553-a6be-4182-8ba9-08dc1a19455f', '2026-02-15', 'assigned', '3265a96e-c49d-4f2a-9712-1db566ba3b6d', '2026-02-15 23:44:20'),
('138dee8b-494c-4d22-89fd-cc15224e93f9', '709f021f-ac68-4c01-a3c6-98b6368fae25', '7179b4c7-dbb9-4055-9695-9de4461d1d98', '2026-02-15', 'assigned', '4ff82206-eefc-49c2-8bfe-278c9305cbcd', '2026-02-22 20:12:07'),
('13fb0b3a-5a1e-47da-a340-f79b1703d4f5', 'a0f3b228-35be-467c-a394-1400a53945a0', 'c2681458-1589-4fe2-9710-169049e18935', '2026-02-16', 'incomplete', '06bd21fd-5a5d-4639-8d74-34d162a1232a', '2026-02-22 20:12:06'),
('13fe3e23-2ade-4e63-a022-abea24145643', '53a357f5-b4e2-45be-ae9b-fd7242889538', '2d88bac7-4d86-492f-beb3-32b17f970d20', '2026-02-08', 'complete', '3265a96e-c49d-4f2a-9712-1db566ba3b6d', '2026-02-08 01:54:12'),
('15d7fc12-ef09-44eb-9124-6674935fb412', '709f021f-ac68-4c01-a3c6-98b6368fae25', 'f9136216-36f6-464d-a55e-446f28f9d03e', '2026-02-15', 'submitted', '4ff82206-eefc-49c2-8bfe-278c9305cbcd', '2026-02-22 20:12:07'),
('16343a96-887d-4cf0-b790-fce3250a0788', 'faba9c3a-667b-44d0-84d3-5e24ac3e417a', 'a456e33b-ebb9-4910-8b51-6eaae438e007', '2026-02-18', 'incomplete', '294a4063-59d9-4609-a29a-84645a9b926a', '2026-02-22 20:12:08'),
('164f59af-d9bb-4372-ac32-8c5e0091c43b', '600f9b09-6922-4b6d-8ac4-32d909a9441d', '0a41243d-e120-4424-aa5e-12936d9c9b82', '2026-02-19', 'incomplete', '294a4063-59d9-4609-a29a-84645a9b926a', '2026-02-22 20:12:08'),
('16b10f49-5d2c-435c-8d38-9c0a815932f2', 'faba9c3a-667b-44d0-84d3-5e24ac3e417a', '72567089-d6e1-4233-9419-c3036ea118e5', '2026-02-21', 'assigned', '294a4063-59d9-4609-a29a-84645a9b926a', '2026-02-22 20:12:08'),
('1770af9d-879b-4408-80f3-f51b25554d23', '52789d9c-e195-4207-82d6-8f6f7fdd8a5b', 'ff335f79-c56c-4b00-85eb-2d0bd7ebb96a', '2026-02-22', 'incomplete', 'c07b47fc-7e09-4800-977d-a1ebf82034cc', '2026-02-22 20:12:07'),
('17d6caac-10e1-404a-9b7b-f8fe5a35e914', '709f021f-ac68-4c01-a3c6-98b6368fae25', '44f626ec-ebfc-4b12-9797-e8699ea6d76a', '2026-02-21', 'submitted', '4ff82206-eefc-49c2-8bfe-278c9305cbcd', '2026-02-22 20:12:08'),
('18984d21-c978-4f89-aeb9-a7932d4a52a0', '709f021f-ac68-4c01-a3c6-98b6368fae25', 'f9136216-36f6-464d-a55e-446f28f9d03e', '2026-02-18', 'complete', '4ff82206-eefc-49c2-8bfe-278c9305cbcd', '2026-02-22 20:12:08'),
('18f89e6e-86d0-4b00-a2de-79a4200ff474', 'a0f3b228-35be-467c-a394-1400a53945a0', '7dffaaab-0818-4f2c-a9cc-43b7fc9ac0cb', '2026-02-17', 'complete', '06bd21fd-5a5d-4639-8d74-34d162a1232a', '2026-02-22 20:12:06'),
('18fcfc0d-2a2d-4d2f-92b4-909e27c99fa9', '53a357f5-b4e2-45be-ae9b-fd7242889538', '94ef4b55-1709-41e9-bde3-5d9ae3e32620', '2026-02-15', 'assigned', '3265a96e-c49d-4f2a-9712-1db566ba3b6d', '2026-02-15 23:44:12'),
('19095e2d-52d4-48cf-821a-4e25577e0858', '709f021f-ac68-4c01-a3c6-98b6368fae25', '7179b4c7-dbb9-4055-9695-9de4461d1d98', '2026-02-16', 'complete', '4ff82206-eefc-49c2-8bfe-278c9305cbcd', '2026-02-22 20:12:08'),
('1953575e-46d7-4aa2-9269-25eed88a48ea', 'faba9c3a-667b-44d0-84d3-5e24ac3e417a', '0a41243d-e120-4424-aa5e-12936d9c9b82', '2026-02-21', 'submitted', '294a4063-59d9-4609-a29a-84645a9b926a', '2026-02-22 20:12:08'),
('19e6b1ac-9f3d-4de2-8193-428a7141e8e1', '933844a1-c837-4a09-862a-800d538d67c1', 'f135cbf1-a546-407e-871d-906cfe076edf', '2026-02-20', 'complete', '06bd21fd-5a5d-4639-8d74-34d162a1232a', '2026-02-22 20:12:07'),
('1a8cf90a-206d-4477-937f-ed102c322d25', '709f021f-ac68-4c01-a3c6-98b6368fae25', 'f9136216-36f6-464d-a55e-446f28f9d03e', '2026-02-21', 'assigned', '4ff82206-eefc-49c2-8bfe-278c9305cbcd', '2026-02-22 20:12:08'),
('1b44e8ba-b0b7-47c1-aef9-89ed2b8f2108', '709f021f-ac68-4c01-a3c6-98b6368fae25', '7179b4c7-dbb9-4055-9695-9de4461d1d98', '2026-02-22', 'assigned', '4ff82206-eefc-49c2-8bfe-278c9305cbcd', '2026-02-22 20:12:08'),
('1bce13ac-2d33-44c1-b166-bebf922da95a', '933844a1-c837-4a09-862a-800d538d67c1', '7dffaaab-0818-4f2c-a9cc-43b7fc9ac0cb', '2026-02-16', 'assigned', '06bd21fd-5a5d-4639-8d74-34d162a1232a', '2026-02-22 20:12:06'),
('1c2257a8-fb22-48ed-b549-8dc55da66862', 'a0f3b228-35be-467c-a394-1400a53945a0', 'c2681458-1589-4fe2-9710-169049e18935', '2026-02-20', 'complete', '06bd21fd-5a5d-4639-8d74-34d162a1232a', '2026-02-22 20:12:06'),
('1c236dbf-88c8-49e5-950a-2b8ef210de53', 'a0f3b228-35be-467c-a394-1400a53945a0', '7dffaaab-0818-4f2c-a9cc-43b7fc9ac0cb', '2026-02-24', 'assigned', '06bd21fd-5a5d-4639-8d74-34d162a1232a', '2026-02-23 00:19:18'),
('1c5edd35-4b90-4abb-9a7d-44d1857fea79', 'bd8184d2-29cf-4093-8ecc-87513ce59f93', 'ff335f79-c56c-4b00-85eb-2d0bd7ebb96a', '2026-02-16', 'assigned', 'c07b47fc-7e09-4800-977d-a1ebf82034cc', '2026-02-22 20:12:07'),
('1c9b96b1-4660-45e5-8a7b-e85e9cc2bee8', '600f9b09-6922-4b6d-8ac4-32d909a9441d', '0a41243d-e120-4424-aa5e-12936d9c9b82', '2026-02-21', 'submitted', '294a4063-59d9-4609-a29a-84645a9b926a', '2026-02-22 20:12:08'),
('1d22ba9f-9705-4ad6-9731-6a48dfd20765', 'faba9c3a-667b-44d0-84d3-5e24ac3e417a', '72567089-d6e1-4233-9419-c3036ea118e5', '2026-02-13', 'incomplete', '294a4063-59d9-4609-a29a-84645a9b926a', '2026-02-22 20:12:08'),
('1dc11b2a-e37a-4ad5-93f8-f1581f985929', '52789d9c-e195-4207-82d6-8f6f7fdd8a5b', '9cbafabd-3903-4440-a0c9-abfca029d9fd', '2026-02-22', 'incomplete', 'c07b47fc-7e09-4800-977d-a1ebf82034cc', '2026-02-22 20:12:07'),
('1ebd7036-64af-4118-8cb6-da8d73ca3254', '709f021f-ac68-4c01-a3c6-98b6368fae25', '7179b4c7-dbb9-4055-9695-9de4461d1d98', '2026-02-18', 'incomplete', '4ff82206-eefc-49c2-8bfe-278c9305cbcd', '2026-02-22 20:12:08'),
('20365237-6832-4c48-bea3-7f3b2cc7bf9f', 'a0f3b228-35be-467c-a394-1400a53945a0', 'c2681458-1589-4fe2-9710-169049e18935', '2026-02-22', 'complete', '06bd21fd-5a5d-4639-8d74-34d162a1232a', '2026-02-22 20:12:06'),
('21b7c73b-70d8-4131-95dc-c9296b3728e6', '89d2f542-171d-4ee9-9a6d-d9189c77cf35', '20205e50-a82b-419a-8e58-6258dab23c6e', '2026-02-13', 'incomplete', '4ff82206-eefc-49c2-8bfe-278c9305cbcd', '2026-02-22 20:12:07'),
('21d7f61a-dbe0-490a-9fce-c2776d49cedc', '709f021f-ac68-4c01-a3c6-98b6368fae25', '7179b4c7-dbb9-4055-9695-9de4461d1d98', '2026-02-14', 'incomplete', '4ff82206-eefc-49c2-8bfe-278c9305cbcd', '2026-02-22 20:12:07'),
('2299eb06-54df-47b4-84ae-33e918639afe', 'faba9c3a-667b-44d0-84d3-5e24ac3e417a', '0a41243d-e120-4424-aa5e-12936d9c9b82', '2026-02-20', 'assigned', '294a4063-59d9-4609-a29a-84645a9b926a', '2026-02-22 20:12:08'),
('231ba0d7-acdf-42d4-a7b0-6d9987b65926', '53a357f5-b4e2-45be-ae9b-fd7242889538', '14789c2e-4c03-4058-8f9d-dccc11b870db', '2026-02-04', 'incomplete', '3265a96e-c49d-4f2a-9712-1db566ba3b6d', '2026-02-04 22:25:05'),
('23745b41-cb43-487c-8dc3-dd77204b423f', 'bd8184d2-29cf-4093-8ecc-87513ce59f93', '9cbafabd-3903-4440-a0c9-abfca029d9fd', '2026-02-17', 'assigned', 'c07b47fc-7e09-4800-977d-a1ebf82034cc', '2026-02-22 20:12:07'),
('2380d1ca-f55f-4224-a637-93fc97ab9891', '53a357f5-b4e2-45be-ae9b-fd7242889538', 'e1272da5-75a5-4646-b78d-d95021a4aec4', '2026-02-18', 'assigned', '3265a96e-c49d-4f2a-9712-1db566ba3b6d', '2026-02-18 23:18:06'),
('24a9300d-fa67-4972-a8f6-6f1ebb7a174c', '52789d9c-e195-4207-82d6-8f6f7fdd8a5b', '0d9146fd-455f-40d0-accd-b5b93dfd88e8', '2026-02-22', 'submitted', 'c07b47fc-7e09-4800-977d-a1ebf82034cc', '2026-02-22 20:12:07'),
('24af8ec0-7d21-4564-9b49-d2f59bef0a0c', 'a0f3b228-35be-467c-a394-1400a53945a0', '4c903ec2-d668-411c-9e95-6277a545300f', '2026-02-23', 'complete', '06bd21fd-5a5d-4639-8d74-34d162a1232a', '2026-02-23 00:19:09'),
('24fabb69-e16d-426f-8f35-6121647c6091', 'a0f3b228-35be-467c-a394-1400a53945a0', 'f135cbf1-a546-407e-871d-906cfe076edf', '2026-02-22', 'submitted', '06bd21fd-5a5d-4639-8d74-34d162a1232a', '2026-02-22 20:12:06'),
('25efbeca-4932-429b-94f0-27151a7f78dd', '52789d9c-e195-4207-82d6-8f6f7fdd8a5b', 'ff335f79-c56c-4b00-85eb-2d0bd7ebb96a', '2026-02-20', 'complete', 'c07b47fc-7e09-4800-977d-a1ebf82034cc', '2026-02-22 20:12:07'),
('26264377-b610-43b6-8d60-685bacbc290e', 'bd8184d2-29cf-4093-8ecc-87513ce59f93', '16861a25-febe-4773-b31b-3a83ca7feeeb', '2026-02-19', 'complete', 'c07b47fc-7e09-4800-977d-a1ebf82034cc', '2026-02-22 20:12:07'),
('26a86c9e-ad9e-4aa3-8a97-d9e9a84c24f7', 'a0f3b228-35be-467c-a394-1400a53945a0', '4c903ec2-d668-411c-9e95-6277a545300f', '2026-02-16', 'complete', '06bd21fd-5a5d-4639-8d74-34d162a1232a', '2026-02-22 20:12:06'),
('26acaef5-064e-4c0d-9121-77eaba2c6d82', '57b63a08-8c87-4a94-a02c-07d3c71f5ca4', '7aa59b25-a19d-4967-945b-474398d5c6fa', '2026-02-22', 'assigned', '8d79e7e1-3839-479f-9f26-8214ad7b8cf7', '2026-02-22 23:53:34'),
('27224a6e-ceb9-46c2-9886-93852e1bcce3', 'bd8184d2-29cf-4093-8ecc-87513ce59f93', '0d9146fd-455f-40d0-accd-b5b93dfd88e8', '2026-02-19', 'incomplete', 'c07b47fc-7e09-4800-977d-a1ebf82034cc', '2026-02-22 20:12:07'),
('287e41d4-e974-43db-84f6-3893b3f00425', '600f9b09-6922-4b6d-8ac4-32d909a9441d', 'cb996346-407e-45ad-a0ab-b557c9604d0c', '2026-02-13', 'incomplete', '294a4063-59d9-4609-a29a-84645a9b926a', '2026-02-22 20:12:08'),
('287f0ef3-8533-4dda-a308-54ca4b9d7292', '52789d9c-e195-4207-82d6-8f6f7fdd8a5b', '0d9146fd-455f-40d0-accd-b5b93dfd88e8', '2026-02-19', 'incomplete', 'c07b47fc-7e09-4800-977d-a1ebf82034cc', '2026-02-22 20:12:07'),
('28826ab1-d1d1-448e-a784-3b32d2684ff3', '709f021f-ac68-4c01-a3c6-98b6368fae25', '20205e50-a82b-419a-8e58-6258dab23c6e', '2026-02-19', 'submitted', '4ff82206-eefc-49c2-8bfe-278c9305cbcd', '2026-02-22 20:12:08'),
('288eac2f-a61b-4e08-946b-b39a6c4bf9cd', 'a0f3b228-35be-467c-a394-1400a53945a0', '7dffaaab-0818-4f2c-a9cc-43b7fc9ac0cb', '2026-02-23', 'complete', '06bd21fd-5a5d-4639-8d74-34d162a1232a', '2026-02-23 00:18:57'),
('28dc5133-5dd5-43ba-8fd9-af8de00b8a2f', 'faba9c3a-667b-44d0-84d3-5e24ac3e417a', '72567089-d6e1-4233-9419-c3036ea118e5', '2026-02-22', 'complete', '294a4063-59d9-4609-a29a-84645a9b926a', '2026-02-22 20:12:08'),
('2afb989f-02fa-4d84-bd62-4140fa15e113', '933844a1-c837-4a09-862a-800d538d67c1', '4c903ec2-d668-411c-9e95-6277a545300f', '2026-02-21', 'complete', '06bd21fd-5a5d-4639-8d74-34d162a1232a', '2026-02-22 20:12:07'),
('2d6809da-ccd8-40da-be3d-d5d8c4ee8da2', 'a0f3b228-35be-467c-a394-1400a53945a0', '4c903ec2-d668-411c-9e95-6277a545300f', '2026-02-22', 'assigned', '06bd21fd-5a5d-4639-8d74-34d162a1232a', '2026-02-22 20:12:06'),
('300b8313-9683-4e7e-8314-194157921d12', '933844a1-c837-4a09-862a-800d538d67c1', 'c2681458-1589-4fe2-9710-169049e18935', '2026-02-14', 'assigned', '06bd21fd-5a5d-4639-8d74-34d162a1232a', '2026-02-22 20:12:06'),
('31bcc98a-3485-4007-9f08-ab0bb613f995', 'bd8184d2-29cf-4093-8ecc-87513ce59f93', '0d9146fd-455f-40d0-accd-b5b93dfd88e8', '2026-02-18', 'complete', 'c07b47fc-7e09-4800-977d-a1ebf82034cc', '2026-02-22 20:12:07'),
('34083cf8-9152-4a70-b447-c6a42300275d', '89d2f542-171d-4ee9-9a6d-d9189c77cf35', '44f626ec-ebfc-4b12-9797-e8699ea6d76a', '2026-02-15', 'incomplete', '4ff82206-eefc-49c2-8bfe-278c9305cbcd', '2026-02-22 20:12:07'),
('342b31ce-757c-41e4-a787-25b7a228544d', 'faba9c3a-667b-44d0-84d3-5e24ac3e417a', 'cb996346-407e-45ad-a0ab-b557c9604d0c', '2026-02-14', 'assigned', '294a4063-59d9-4609-a29a-84645a9b926a', '2026-02-22 20:12:08'),
('3468eda5-ffbe-402b-8034-d79c864fd5be', '709f021f-ac68-4c01-a3c6-98b6368fae25', '7179b4c7-dbb9-4055-9695-9de4461d1d98', '2026-02-13', 'submitted', '4ff82206-eefc-49c2-8bfe-278c9305cbcd', '2026-02-22 20:12:07'),
('34857c92-5997-4574-abde-499cbce84f5d', '89d2f542-171d-4ee9-9a6d-d9189c77cf35', '7179b4c7-dbb9-4055-9695-9de4461d1d98', '2026-02-16', 'complete', '4ff82206-eefc-49c2-8bfe-278c9305cbcd', '2026-02-22 20:12:07'),
('35c0a4ca-2905-4ea1-a7bd-ca89f25bca83', '709f021f-ac68-4c01-a3c6-98b6368fae25', '44f626ec-ebfc-4b12-9797-e8699ea6d76a', '2026-02-13', 'assigned', '4ff82206-eefc-49c2-8bfe-278c9305cbcd', '2026-02-22 20:12:07'),
('36746ef9-2107-4508-a760-e9a3a029da74', 'a0f3b228-35be-467c-a394-1400a53945a0', 'f135cbf1-a546-407e-871d-906cfe076edf', '2026-02-14', 'complete', '06bd21fd-5a5d-4639-8d74-34d162a1232a', '2026-02-22 20:12:06'),
('37a189fb-3567-4df3-a238-ddf45e6d9ed1', '600f9b09-6922-4b6d-8ac4-32d909a9441d', 'cb996346-407e-45ad-a0ab-b557c9604d0c', '2026-02-20', 'incomplete', '294a4063-59d9-4609-a29a-84645a9b926a', '2026-02-22 20:12:08'),
('37b67ee0-7ed7-4cdf-bf29-1aa400c85cf6', 'a0f3b228-35be-467c-a394-1400a53945a0', '4c903ec2-d668-411c-9e95-6277a545300f', '2026-02-15', 'assigned', '06bd21fd-5a5d-4639-8d74-34d162a1232a', '2026-02-22 20:12:06'),
('381e6bf5-9f58-4fcc-8ba1-2bcc7e2cf3aa', '933844a1-c837-4a09-862a-800d538d67c1', 'f135cbf1-a546-407e-871d-906cfe076edf', '2026-02-21', 'complete', '06bd21fd-5a5d-4639-8d74-34d162a1232a', '2026-02-22 20:12:07'),
('38308667-260d-4a41-bee4-2e1af5a486b5', '53a357f5-b4e2-45be-ae9b-fd7242889538', '972f82ef-3ce8-48b4-a6f6-d1d6b65dc8ed', '2026-02-04', 'incomplete', '3265a96e-c49d-4f2a-9712-1db566ba3b6d', '2026-02-04 22:18:31'),
('385ff9a2-2890-4795-9710-093d1e13bfba', '600f9b09-6922-4b6d-8ac4-32d909a9441d', 'cb996346-407e-45ad-a0ab-b557c9604d0c', '2026-02-17', 'assigned', '294a4063-59d9-4609-a29a-84645a9b926a', '2026-02-22 20:12:08'),
('3973b426-d38d-4e06-8c0b-4fdaa9047edd', 'a0f3b228-35be-467c-a394-1400a53945a0', 'c2681458-1589-4fe2-9710-169049e18935', '2026-02-15', 'complete', '06bd21fd-5a5d-4639-8d74-34d162a1232a', '2026-02-22 20:12:06'),
('3ae93473-183c-42bf-a328-188f5c0af34f', 'a0f3b228-35be-467c-a394-1400a53945a0', 'c2681458-1589-4fe2-9710-169049e18935', '2026-02-17', 'complete', '06bd21fd-5a5d-4639-8d74-34d162a1232a', '2026-02-22 20:12:06'),
('3b182d10-d43c-4ed1-a38e-1964c97374af', '89d2f542-171d-4ee9-9a6d-d9189c77cf35', '44f626ec-ebfc-4b12-9797-e8699ea6d76a', '2026-02-17', 'complete', '4ff82206-eefc-49c2-8bfe-278c9305cbcd', '2026-02-22 20:12:07'),
('3c268c9a-34ae-4b6b-b245-858056d9b199', '89d2f542-171d-4ee9-9a6d-d9189c77cf35', '20205e50-a82b-419a-8e58-6258dab23c6e', '2026-02-18', 'assigned', '4ff82206-eefc-49c2-8bfe-278c9305cbcd', '2026-02-22 20:12:07'),
('3d469562-27ab-4a50-8695-a89d650a9bd0', '933844a1-c837-4a09-862a-800d538d67c1', '4c903ec2-d668-411c-9e95-6277a545300f', '2026-02-17', 'incomplete', '06bd21fd-5a5d-4639-8d74-34d162a1232a', '2026-02-22 20:12:07'),
('3d7e6a33-ad94-43a9-a6f2-29fcd36e903d', '600f9b09-6922-4b6d-8ac4-32d909a9441d', '0a41243d-e120-4424-aa5e-12936d9c9b82', '2026-02-17', 'complete', '294a4063-59d9-4609-a29a-84645a9b926a', '2026-02-22 20:12:08'),
('3dc64c33-2abe-4bda-8bed-c02bb240fdac', 'faba9c3a-667b-44d0-84d3-5e24ac3e417a', '72567089-d6e1-4233-9419-c3036ea118e5', '2026-02-20', 'incomplete', '294a4063-59d9-4609-a29a-84645a9b926a', '2026-02-22 20:12:08'),
('3de335a3-a67d-4a11-8f44-80d0d6f8f4dd', '53a357f5-b4e2-45be-ae9b-fd7242889538', '7b40a625-441d-43cf-9242-491bfd9b0362', '2026-02-12', 'assigned', '3265a96e-c49d-4f2a-9712-1db566ba3b6d', '2026-02-11 00:42:02'),
('3e09fbe6-12e6-4b4c-bb47-05ddd2b1c230', '709f021f-ac68-4c01-a3c6-98b6368fae25', '44f626ec-ebfc-4b12-9797-e8699ea6d76a', '2026-02-15', 'incomplete', '4ff82206-eefc-49c2-8bfe-278c9305cbcd', '2026-02-22 20:12:07'),
('3e42835f-9cd9-4cb1-b399-b45820c93e76', 'bd8184d2-29cf-4093-8ecc-87513ce59f93', 'ff335f79-c56c-4b00-85eb-2d0bd7ebb96a', '2026-02-19', 'assigned', 'c07b47fc-7e09-4800-977d-a1ebf82034cc', '2026-02-22 20:12:07'),
('3ebb5962-0a89-47ee-ad89-e0e816adf908', '600f9b09-6922-4b6d-8ac4-32d909a9441d', 'a456e33b-ebb9-4910-8b51-6eaae438e007', '2026-02-18', 'incomplete', '294a4063-59d9-4609-a29a-84645a9b926a', '2026-02-22 20:12:08'),
('418f491f-2c81-4eda-ac2e-8fd0c91dd21b', '89d2f542-171d-4ee9-9a6d-d9189c77cf35', 'f9136216-36f6-464d-a55e-446f28f9d03e', '2026-02-14', 'assigned', '4ff82206-eefc-49c2-8bfe-278c9305cbcd', '2026-02-22 20:12:07'),
('41ea9556-29d6-4a81-b7a1-7b87125d8a3f', '89d2f542-171d-4ee9-9a6d-d9189c77cf35', '7179b4c7-dbb9-4055-9695-9de4461d1d98', '2026-02-15', 'assigned', '4ff82206-eefc-49c2-8bfe-278c9305cbcd', '2026-02-22 20:12:07'),
('420703a2-2e77-479a-855e-c73465ab2243', '52789d9c-e195-4207-82d6-8f6f7fdd8a5b', 'ff335f79-c56c-4b00-85eb-2d0bd7ebb96a', '2026-02-21', 'incomplete', 'c07b47fc-7e09-4800-977d-a1ebf82034cc', '2026-02-22 20:12:07'),
('4212dff4-c5d4-45a3-afe8-ed534cc7eb2d', 'bd8184d2-29cf-4093-8ecc-87513ce59f93', '16861a25-febe-4773-b31b-3a83ca7feeeb', '2026-02-20', 'incomplete', 'c07b47fc-7e09-4800-977d-a1ebf82034cc', '2026-02-22 20:12:07'),
('42165cae-8358-4bae-925d-ad3a1d96bdb1', '53a357f5-b4e2-45be-ae9b-fd7242889538', 'a1c17a63-b7a5-40c8-8bdc-e73c2d016a65', '2026-02-15', 'assigned', '3265a96e-c49d-4f2a-9712-1db566ba3b6d', '2026-02-15 23:44:07'),
('42ed341b-396b-45a4-8dab-2761eac73896', 'faba9c3a-667b-44d0-84d3-5e24ac3e417a', '72567089-d6e1-4233-9419-c3036ea118e5', '2026-02-15', 'complete', '294a4063-59d9-4609-a29a-84645a9b926a', '2026-02-22 20:12:08'),
('4370f4d3-a6c4-443e-880e-e3d3f58cb691', '89d2f542-171d-4ee9-9a6d-d9189c77cf35', '20205e50-a82b-419a-8e58-6258dab23c6e', '2026-02-22', 'complete', '4ff82206-eefc-49c2-8bfe-278c9305cbcd', '2026-02-22 20:12:07'),
('44af2c9b-4d75-43d1-a00d-bfc3f867f996', '933844a1-c837-4a09-862a-800d538d67c1', '4c903ec2-d668-411c-9e95-6277a545300f', '2026-02-15', 'assigned', '06bd21fd-5a5d-4639-8d74-34d162a1232a', '2026-02-22 20:12:06'),
('44e60cbf-06ed-44ab-8cd5-99b3c7c5b9f7', 'faba9c3a-667b-44d0-84d3-5e24ac3e417a', 'cb996346-407e-45ad-a0ab-b557c9604d0c', '2026-02-13', 'incomplete', '294a4063-59d9-4609-a29a-84645a9b926a', '2026-02-22 20:12:08'),
('4678e9d5-0e62-4bce-ba02-7071275cd987', 'faba9c3a-667b-44d0-84d3-5e24ac3e417a', 'a456e33b-ebb9-4910-8b51-6eaae438e007', '2026-02-13', 'submitted', '294a4063-59d9-4609-a29a-84645a9b926a', '2026-02-22 20:12:08'),
('467bd616-88f1-4a8d-91f3-b6d4ac51c618', '933844a1-c837-4a09-862a-800d538d67c1', 'f135cbf1-a546-407e-871d-906cfe076edf', '2026-02-13', 'complete', '06bd21fd-5a5d-4639-8d74-34d162a1232a', '2026-02-22 20:12:06'),
('47166a18-4a88-46be-96c9-1d3b811449f5', '53a357f5-b4e2-45be-ae9b-fd7242889538', '58e3c9d3-d790-4bb1-ac59-695572031d81', '2026-02-18', 'assigned', '3265a96e-c49d-4f2a-9712-1db566ba3b6d', '2026-02-18 23:18:10'),
('47508616-f61f-482c-87c8-424d4712d862', '57b63a08-8c87-4a94-a02c-07d3c71f5ca4', '7aa59b25-a19d-4967-945b-474398d5c6fa', '2026-02-23', 'complete', 'c2f8e805-c841-4fd9-9a23-ce42c9d09e96', '2026-02-22 23:59:00'),
('483c2061-498f-4ffc-9f18-d5e6bfbb500e', '709f021f-ac68-4c01-a3c6-98b6368fae25', '44f626ec-ebfc-4b12-9797-e8699ea6d76a', '2026-02-22', 'incomplete', '4ff82206-eefc-49c2-8bfe-278c9305cbcd', '2026-02-22 20:12:08'),
('4897436f-8bf3-4492-8703-c187785bbc07', 'a0f3b228-35be-467c-a394-1400a53945a0', '7dffaaab-0818-4f2c-a9cc-43b7fc9ac0cb', '2026-02-16', 'assigned', '06bd21fd-5a5d-4639-8d74-34d162a1232a', '2026-02-22 20:12:06'),
('49349c30-b295-4e0d-8262-821809799c41', 'bd8184d2-29cf-4093-8ecc-87513ce59f93', 'ff335f79-c56c-4b00-85eb-2d0bd7ebb96a', '2026-02-21', 'incomplete', 'c07b47fc-7e09-4800-977d-a1ebf82034cc', '2026-02-22 20:12:07'),
('4a18f1c2-07bb-4513-b72d-a171629159ea', '933844a1-c837-4a09-862a-800d538d67c1', 'f135cbf1-a546-407e-871d-906cfe076edf', '2026-02-19', 'incomplete', '06bd21fd-5a5d-4639-8d74-34d162a1232a', '2026-02-22 20:12:07'),
('4aa25976-b6be-4662-a593-6deb1479e29a', '53a357f5-b4e2-45be-ae9b-fd7242889538', '58e3c9d3-d790-4bb1-ac59-695572031d81', '2026-02-12', 'assigned', '3265a96e-c49d-4f2a-9712-1db566ba3b6d', '2026-02-12 01:49:00'),
('4ac02898-00f7-4b79-99e2-797d840737b9', '933844a1-c837-4a09-862a-800d538d67c1', '7dffaaab-0818-4f2c-a9cc-43b7fc9ac0cb', '2026-02-21', 'submitted', '06bd21fd-5a5d-4639-8d74-34d162a1232a', '2026-02-22 20:12:07'),
('4b4b9822-fe45-473b-aa85-987fb5e94bf5', 'a0f3b228-35be-467c-a394-1400a53945a0', 'f135cbf1-a546-407e-871d-906cfe076edf', '2026-02-15', 'submitted', '06bd21fd-5a5d-4639-8d74-34d162a1232a', '2026-02-22 20:12:06'),
('4bb9f241-0a29-4cd1-9a13-d0c45b9d7b7f', 'a0f3b228-35be-467c-a394-1400a53945a0', 'f135cbf1-a546-407e-871d-906cfe076edf', '2026-02-17', 'assigned', '06bd21fd-5a5d-4639-8d74-34d162a1232a', '2026-02-22 20:12:06'),
('4d6a24ad-ed69-4282-a55e-869189ba2a88', 'faba9c3a-667b-44d0-84d3-5e24ac3e417a', 'cb996346-407e-45ad-a0ab-b557c9604d0c', '2026-02-21', 'assigned', '294a4063-59d9-4609-a29a-84645a9b926a', '2026-02-22 20:12:08'),
('4e74f67b-ed69-4bff-9aaa-13b390f31274', 'a0f3b228-35be-467c-a394-1400a53945a0', '4c903ec2-d668-411c-9e95-6277a545300f', '2026-02-18', 'complete', '06bd21fd-5a5d-4639-8d74-34d162a1232a', '2026-02-22 20:12:06'),
('4ef7647a-7f45-4c93-aca9-d5b722d05c38', '600f9b09-6922-4b6d-8ac4-32d909a9441d', 'a456e33b-ebb9-4910-8b51-6eaae438e007', '2026-02-19', 'assigned', '294a4063-59d9-4609-a29a-84645a9b926a', '2026-02-22 20:12:08'),
('4f08bb88-5acb-49db-b44a-f2810d000b04', '600f9b09-6922-4b6d-8ac4-32d909a9441d', 'cb996346-407e-45ad-a0ab-b557c9604d0c', '2026-02-21', 'assigned', '294a4063-59d9-4609-a29a-84645a9b926a', '2026-02-22 20:12:08'),
('4f629f12-af13-4fa8-aa16-f55fd76a863d', '709f021f-ac68-4c01-a3c6-98b6368fae25', 'f9136216-36f6-464d-a55e-446f28f9d03e', '2026-02-19', 'incomplete', '4ff82206-eefc-49c2-8bfe-278c9305cbcd', '2026-02-22 20:12:08'),
('50117178-0793-4fee-bc08-26b2385d9b4f', 'a0f3b228-35be-467c-a394-1400a53945a0', 'f135cbf1-a546-407e-871d-906cfe076edf', '2026-02-13', 'complete', '06bd21fd-5a5d-4639-8d74-34d162a1232a', '2026-02-22 20:12:06'),
('501f0796-a4bd-4388-b572-bd382be1504d', 'faba9c3a-667b-44d0-84d3-5e24ac3e417a', 'a456e33b-ebb9-4910-8b51-6eaae438e007', '2026-02-14', 'incomplete', '294a4063-59d9-4609-a29a-84645a9b926a', '2026-02-22 20:12:08'),
('5244a82c-ae13-424d-9acf-c24e78e4ce01', 'bd8184d2-29cf-4093-8ecc-87513ce59f93', '9cbafabd-3903-4440-a0c9-abfca029d9fd', '2026-02-16', 'incomplete', 'c07b47fc-7e09-4800-977d-a1ebf82034cc', '2026-02-22 20:12:07'),
('53597387-6ce4-4464-aa10-0561b8d38477', 'a0f3b228-35be-467c-a394-1400a53945a0', 'ee2c40f3-83db-4cad-8415-15bb3e7db5dd', '2026-02-23', 'complete', '06bd21fd-5a5d-4639-8d74-34d162a1232a', '2026-02-23 19:20:13'),
('53bc4c87-675f-4da4-90e4-d2e2f1f40e74', 'bd8184d2-29cf-4093-8ecc-87513ce59f93', 'ff335f79-c56c-4b00-85eb-2d0bd7ebb96a', '2026-02-20', 'complete', 'c07b47fc-7e09-4800-977d-a1ebf82034cc', '2026-02-22 20:12:07'),
('55a6a67e-b5b2-4127-aaf2-9dbc820aede9', '600f9b09-6922-4b6d-8ac4-32d909a9441d', 'a456e33b-ebb9-4910-8b51-6eaae438e007', '2026-02-13', 'submitted', '294a4063-59d9-4609-a29a-84645a9b926a', '2026-02-22 20:12:08'),
('56224390-dafe-4bb1-9f27-5f514efc055c', '89d2f542-171d-4ee9-9a6d-d9189c77cf35', '20205e50-a82b-419a-8e58-6258dab23c6e', '2026-02-16', 'incomplete', '4ff82206-eefc-49c2-8bfe-278c9305cbcd', '2026-02-22 20:12:07'),
('5665aa93-72f4-4e89-b611-8f669459ca2b', '53a357f5-b4e2-45be-ae9b-fd7242889538', '972f82ef-3ce8-48b4-a6f6-d1d6b65dc8ed', '2026-02-08', 'complete', '3265a96e-c49d-4f2a-9712-1db566ba3b6d', '2026-02-08 01:54:09'),
('56cf5f40-135a-496d-8add-cb761737ee92', '89d2f542-171d-4ee9-9a6d-d9189c77cf35', 'f9136216-36f6-464d-a55e-446f28f9d03e', '2026-02-19', 'incomplete', '4ff82206-eefc-49c2-8bfe-278c9305cbcd', '2026-02-22 20:12:07'),
('5754db0c-d35a-4789-85f8-a285d1949998', '53a357f5-b4e2-45be-ae9b-fd7242889538', '58e3c9d3-d790-4bb1-ac59-695572031d81', '2026-02-04', 'complete', '3265a96e-c49d-4f2a-9712-1db566ba3b6d', '2026-02-04 18:21:23'),
('577be2db-f5a5-4923-8e16-da2181a89e21', 'bd8184d2-29cf-4093-8ecc-87513ce59f93', 'ff335f79-c56c-4b00-85eb-2d0bd7ebb96a', '2026-02-18', 'incomplete', 'c07b47fc-7e09-4800-977d-a1ebf82034cc', '2026-02-22 20:12:07'),
('57cbb298-a40a-4293-9d88-38a09b02d817', '933844a1-c837-4a09-862a-800d538d67c1', 'c2681458-1589-4fe2-9710-169049e18935', '2026-02-18', 'complete', '06bd21fd-5a5d-4639-8d74-34d162a1232a', '2026-02-22 20:12:07'),
('584c3fa6-dd5e-4545-a8d1-32b6bc982ab8', 'bd8184d2-29cf-4093-8ecc-87513ce59f93', '9cbafabd-3903-4440-a0c9-abfca029d9fd', '2026-02-21', 'complete', 'c07b47fc-7e09-4800-977d-a1ebf82034cc', '2026-02-22 20:12:07'),
('596c6022-546a-4d89-b1da-e056a291c824', '57b63a08-8c87-4a94-a02c-07d3c71f5ca4', '8c71fd43-2f0d-4cb4-aa09-98818900f5d8', '2026-02-22', 'assigned', 'c2f8e805-c841-4fd9-9a23-ce42c9d09e96', '2026-02-22 23:53:51'),
('59823761-c8e6-4a48-88e8-27e7c436e441', '53a357f5-b4e2-45be-ae9b-fd7242889538', '4760f28d-2705-43f3-be12-7d6bd00ec847', '2026-02-04', 'complete', '3265a96e-c49d-4f2a-9712-1db566ba3b6d', '2026-02-04 18:18:40'),
('598dfec5-9fc4-40c7-8e02-80dcaa39f2df', '89d2f542-171d-4ee9-9a6d-d9189c77cf35', '7179b4c7-dbb9-4055-9695-9de4461d1d98', '2026-02-13', 'submitted', '4ff82206-eefc-49c2-8bfe-278c9305cbcd', '2026-02-22 20:12:07'),
('5b11da7f-755c-4fdf-8f3a-19c02b0b4d2e', '600f9b09-6922-4b6d-8ac4-32d909a9441d', 'a456e33b-ebb9-4910-8b51-6eaae438e007', '2026-02-20', 'submitted', '294a4063-59d9-4609-a29a-84645a9b926a', '2026-02-22 20:12:08'),
('5b34ca11-65ee-4c29-a52b-375705b24194', '933844a1-c837-4a09-862a-800d538d67c1', 'c2681458-1589-4fe2-9710-169049e18935', '2026-02-21', 'assigned', '06bd21fd-5a5d-4639-8d74-34d162a1232a', '2026-02-22 20:12:07'),
('5b570ab6-43ea-442e-bf61-8d4642c72510', 'faba9c3a-667b-44d0-84d3-5e24ac3e417a', '0a41243d-e120-4424-aa5e-12936d9c9b82', '2026-02-16', 'assigned', '294a4063-59d9-4609-a29a-84645a9b926a', '2026-02-22 20:12:08'),
('5b9724b7-3cea-4479-bda6-445361a09ad5', '600f9b09-6922-4b6d-8ac4-32d909a9441d', 'a456e33b-ebb9-4910-8b51-6eaae438e007', '2026-02-15', 'assigned', '294a4063-59d9-4609-a29a-84645a9b926a', '2026-02-22 20:12:08'),
('5ba5b93d-0cb3-4a50-8ece-0ef04bed04c9', '89d2f542-171d-4ee9-9a6d-d9189c77cf35', 'f9136216-36f6-464d-a55e-446f28f9d03e', '2026-02-22', 'submitted', '4ff82206-eefc-49c2-8bfe-278c9305cbcd', '2026-02-22 20:12:07'),
('5bbc9141-9e20-419d-a265-16a9e5265fdd', '89d2f542-171d-4ee9-9a6d-d9189c77cf35', '7179b4c7-dbb9-4055-9695-9de4461d1d98', '2026-02-19', 'assigned', '4ff82206-eefc-49c2-8bfe-278c9305cbcd', '2026-02-22 20:12:07'),
('5be93f0d-48a5-4d15-bb27-f7e964eea13a', '933844a1-c837-4a09-862a-800d538d67c1', '7dffaaab-0818-4f2c-a9cc-43b7fc9ac0cb', '2026-02-20', 'complete', '06bd21fd-5a5d-4639-8d74-34d162a1232a', '2026-02-22 20:12:07'),
('5dc16655-4d44-4f9c-bf1e-732a9068bc49', '53a357f5-b4e2-45be-ae9b-fd7242889538', '69a8ec65-343c-44f8-b16c-f70ae98a1793', '2026-01-29', 'assigned', '3265a96e-c49d-4f2a-9712-1db566ba3b6d', '2026-01-28 04:04:12'),
('60ce2b09-9608-404d-acb6-851d7c589447', 'bd8184d2-29cf-4093-8ecc-87513ce59f93', '16861a25-febe-4773-b31b-3a83ca7feeeb', '2026-02-17', 'incomplete', 'c07b47fc-7e09-4800-977d-a1ebf82034cc', '2026-02-22 20:12:07'),
('618b5803-9e33-44b8-b79b-818e7f18ebc0', 'bd8184d2-29cf-4093-8ecc-87513ce59f93', '9cbafabd-3903-4440-a0c9-abfca029d9fd', '2026-02-20', 'assigned', 'c07b47fc-7e09-4800-977d-a1ebf82034cc', '2026-02-22 20:12:07'),
('643a8406-4823-4ce3-a915-1ea51dc30ab0', '933844a1-c837-4a09-862a-800d538d67c1', '4c903ec2-d668-411c-9e95-6277a545300f', '2026-02-20', 'submitted', '06bd21fd-5a5d-4639-8d74-34d162a1232a', '2026-02-22 20:12:07'),
('67c4cb19-8a34-40ad-a83b-4c224df6c53b', '709f021f-ac68-4c01-a3c6-98b6368fae25', '44f626ec-ebfc-4b12-9797-e8699ea6d76a', '2026-02-18', 'incomplete', '4ff82206-eefc-49c2-8bfe-278c9305cbcd', '2026-02-22 20:12:08'),
('68696da3-2aba-49c3-b847-5a1536a8efe8', '600f9b09-6922-4b6d-8ac4-32d909a9441d', '0a41243d-e120-4424-aa5e-12936d9c9b82', '2026-02-20', 'assigned', '294a4063-59d9-4609-a29a-84645a9b926a', '2026-02-22 20:12:08'),
('691df7af-b098-426e-a120-583b08bab9f9', '600f9b09-6922-4b6d-8ac4-32d909a9441d', 'cb996346-407e-45ad-a0ab-b557c9604d0c', '2026-02-22', 'submitted', '294a4063-59d9-4609-a29a-84645a9b926a', '2026-02-22 20:12:08'),
('696c4cd7-729e-4479-8cac-588dceccb4ff', 'a0f3b228-35be-467c-a394-1400a53945a0', '7dffaaab-0818-4f2c-a9cc-43b7fc9ac0cb', '2026-02-22', 'complete', '06bd21fd-5a5d-4639-8d74-34d162a1232a', '2026-02-22 20:12:06'),
('6a9cbc7b-df2d-4209-850a-9069113b2191', '52789d9c-e195-4207-82d6-8f6f7fdd8a5b', '0d9146fd-455f-40d0-accd-b5b93dfd88e8', '2026-02-20', 'incomplete', 'c07b47fc-7e09-4800-977d-a1ebf82034cc', '2026-02-22 20:12:07'),
('6c42f018-a24f-4906-98dc-cab348255511', '933844a1-c837-4a09-862a-800d538d67c1', 'c2681458-1589-4fe2-9710-169049e18935', '2026-02-20', 'complete', '06bd21fd-5a5d-4639-8d74-34d162a1232a', '2026-02-22 20:12:07'),
('6cd5b01a-dfcf-4f54-ab54-14bab5a6604d', 'a0f3b228-35be-467c-a394-1400a53945a0', '7dffaaab-0818-4f2c-a9cc-43b7fc9ac0cb', '2026-02-19', 'complete', '06bd21fd-5a5d-4639-8d74-34d162a1232a', '2026-02-22 20:12:06'),
('6f1422eb-f9e7-4bab-b9e7-9901fd2d9d30', 'faba9c3a-667b-44d0-84d3-5e24ac3e417a', '0a41243d-e120-4424-aa5e-12936d9c9b82', '2026-02-13', 'assigned', '294a4063-59d9-4609-a29a-84645a9b926a', '2026-02-22 20:12:08'),
('705c8465-c249-4510-b386-801889969245', '600f9b09-6922-4b6d-8ac4-32d909a9441d', '72567089-d6e1-4233-9419-c3036ea118e5', '2026-02-14', 'assigned', '294a4063-59d9-4609-a29a-84645a9b926a', '2026-02-22 20:12:08'),
('70ba6cb3-2b8a-4c5a-ab71-152847ca175b', '709f021f-ac68-4c01-a3c6-98b6368fae25', 'f9136216-36f6-464d-a55e-446f28f9d03e', '2026-02-20', 'incomplete', '4ff82206-eefc-49c2-8bfe-278c9305cbcd', '2026-02-22 20:12:08'),
('71e65c0e-ff5b-4df2-91b6-7c5ed8a66732', '709f021f-ac68-4c01-a3c6-98b6368fae25', '7179b4c7-dbb9-4055-9695-9de4461d1d98', '2026-02-19', 'assigned', '4ff82206-eefc-49c2-8bfe-278c9305cbcd', '2026-02-22 20:12:08'),
('71e94ca1-5b89-47d7-bbce-cb6601faab9d', '52789d9c-e195-4207-82d6-8f6f7fdd8a5b', '9cbafabd-3903-4440-a0c9-abfca029d9fd', '2026-02-17', 'assigned', 'c07b47fc-7e09-4800-977d-a1ebf82034cc', '2026-02-22 20:12:07'),
('71f30e5f-e269-4806-bebd-529ae47ee1f2', 'bd8184d2-29cf-4093-8ecc-87513ce59f93', '0d9146fd-455f-40d0-accd-b5b93dfd88e8', '2026-02-21', 'assigned', 'c07b47fc-7e09-4800-977d-a1ebf82034cc', '2026-02-22 20:12:07'),
('72b638de-a506-49e6-bc68-90e2a871cf79', '709f021f-ac68-4c01-a3c6-98b6368fae25', '44f626ec-ebfc-4b12-9797-e8699ea6d76a', '2026-02-19', 'incomplete', '4ff82206-eefc-49c2-8bfe-278c9305cbcd', '2026-02-22 20:12:08'),
('72e33e3c-4cd9-4df5-a554-a881bfe43c93', '52789d9c-e195-4207-82d6-8f6f7fdd8a5b', '16861a25-febe-4773-b31b-3a83ca7feeeb', '2026-02-20', 'incomplete', 'c07b47fc-7e09-4800-977d-a1ebf82034cc', '2026-02-22 20:12:07'),
('7314716a-3cd6-43aa-93ef-e7147a4b9078', 'bd8184d2-29cf-4093-8ecc-87513ce59f93', '0d9146fd-455f-40d0-accd-b5b93dfd88e8', '2026-02-22', 'submitted', 'c07b47fc-7e09-4800-977d-a1ebf82034cc', '2026-02-22 20:12:07'),
('73431a88-a865-4cc8-b8d1-99ea5c108038', '600f9b09-6922-4b6d-8ac4-32d909a9441d', '0a41243d-e120-4424-aa5e-12936d9c9b82', '2026-02-22', 'incomplete', '294a4063-59d9-4609-a29a-84645a9b926a', '2026-02-22 20:12:08'),
('734b3496-87d7-44e9-800f-dea016309e9b', '53a357f5-b4e2-45be-ae9b-fd7242889538', '7b40a625-441d-43cf-9242-491bfd9b0362', '2026-02-15', 'assigned', '3265a96e-c49d-4f2a-9712-1db566ba3b6d', '2026-02-15 23:44:16'),
('74d2a2fc-766a-4418-b1e3-515657dad608', 'a0f3b228-35be-467c-a394-1400a53945a0', '4c903ec2-d668-411c-9e95-6277a545300f', '2026-02-19', 'complete', '06bd21fd-5a5d-4639-8d74-34d162a1232a', '2026-02-22 20:12:06'),
('75159e2c-684f-4600-b0d6-5d2572109aed', '89d2f542-171d-4ee9-9a6d-d9189c77cf35', '44f626ec-ebfc-4b12-9797-e8699ea6d76a', '2026-02-16', 'assigned', '4ff82206-eefc-49c2-8bfe-278c9305cbcd', '2026-02-22 20:12:07'),
('7649c593-a557-4661-b78d-2422ab91a11d', 'a0f3b228-35be-467c-a394-1400a53945a0', '7dffaaab-0818-4f2c-a9cc-43b7fc9ac0cb', '2026-02-20', 'complete', '06bd21fd-5a5d-4639-8d74-34d162a1232a', '2026-02-22 20:12:06'),
('765d445a-60ce-4170-8764-0ead18a5aeab', '52789d9c-e195-4207-82d6-8f6f7fdd8a5b', '16861a25-febe-4773-b31b-3a83ca7feeeb', '2026-02-16', 'submitted', 'c07b47fc-7e09-4800-977d-a1ebf82034cc', '2026-02-22 20:12:07'),
('7696db0c-1c6f-4687-a6e5-9e763f0eb8e4', 'faba9c3a-667b-44d0-84d3-5e24ac3e417a', '0a41243d-e120-4424-aa5e-12936d9c9b82', '2026-02-19', 'incomplete', '294a4063-59d9-4609-a29a-84645a9b926a', '2026-02-22 20:12:08'),
('783e459c-00fe-4361-9240-e6d655d53153', '600f9b09-6922-4b6d-8ac4-32d909a9441d', 'a456e33b-ebb9-4910-8b51-6eaae438e007', '2026-02-21', 'incomplete', '294a4063-59d9-4609-a29a-84645a9b926a', '2026-02-22 20:12:08'),
('7859a35d-de29-4c85-ace5-8bbcef346b03', '52789d9c-e195-4207-82d6-8f6f7fdd8a5b', 'ff335f79-c56c-4b00-85eb-2d0bd7ebb96a', '2026-02-18', 'incomplete', 'c07b47fc-7e09-4800-977d-a1ebf82034cc', '2026-02-22 20:12:07'),
('79f2997a-ea01-44d3-a05a-e356bf8aab34', '600f9b09-6922-4b6d-8ac4-32d909a9441d', '0a41243d-e120-4424-aa5e-12936d9c9b82', '2026-02-15', 'incomplete', '294a4063-59d9-4609-a29a-84645a9b926a', '2026-02-22 20:12:08'),
('7a11238d-5aff-4786-b3f2-528d6afdf33c', 'faba9c3a-667b-44d0-84d3-5e24ac3e417a', 'cb996346-407e-45ad-a0ab-b557c9604d0c', '2026-02-18', 'complete', '294a4063-59d9-4609-a29a-84645a9b926a', '2026-02-22 20:12:08'),
('7a22fd76-70fd-4782-92b3-ecfa72f8b20a', 'bd8184d2-29cf-4093-8ecc-87513ce59f93', '16861a25-febe-4773-b31b-3a83ca7feeeb', '2026-02-21', 'incomplete', 'c07b47fc-7e09-4800-977d-a1ebf82034cc', '2026-02-22 20:12:07'),
('7b5f1d2a-182a-4919-8310-a9618bb84f2c', '89d2f542-171d-4ee9-9a6d-d9189c77cf35', 'f9136216-36f6-464d-a55e-446f28f9d03e', '2026-02-13', 'incomplete', '4ff82206-eefc-49c2-8bfe-278c9305cbcd', '2026-02-22 20:12:07'),
('7be704ed-0164-476a-880a-022b78c7ae26', 'faba9c3a-667b-44d0-84d3-5e24ac3e417a', 'a456e33b-ebb9-4910-8b51-6eaae438e007', '2026-02-20', 'submitted', '294a4063-59d9-4609-a29a-84645a9b926a', '2026-02-22 20:12:08'),
('7c333e63-7c38-4e03-a8db-1c0be070fcd5', 'faba9c3a-667b-44d0-84d3-5e24ac3e417a', '72567089-d6e1-4233-9419-c3036ea118e5', '2026-02-19', 'submitted', '294a4063-59d9-4609-a29a-84645a9b926a', '2026-02-22 20:12:08'),
('7c373d31-8cc2-436b-8f4a-3b76cdc13385', '53a357f5-b4e2-45be-ae9b-fd7242889538', 'a1c17a63-b7a5-40c8-8bdc-e73c2d016a65', '2026-02-17', 'complete', '3265a96e-c49d-4f2a-9712-1db566ba3b6d', '2026-02-17 03:11:52'),
('7c53b52e-d623-4ad4-a86d-1c30b4881d70', '600f9b09-6922-4b6d-8ac4-32d909a9441d', 'cb996346-407e-45ad-a0ab-b557c9604d0c', '2026-02-16', 'incomplete', '294a4063-59d9-4609-a29a-84645a9b926a', '2026-02-22 20:12:08'),
('7dca0073-b30d-4399-a600-659f8f042699', '53a357f5-b4e2-45be-ae9b-fd7242889538', '7b40a625-441d-43cf-9242-491bfd9b0362', '2026-02-11', 'assigned', '3265a96e-c49d-4f2a-9712-1db566ba3b6d', '2026-02-11 00:41:59'),
('7f3f0bdf-b816-416d-a4ff-8a7ece900848', 'faba9c3a-667b-44d0-84d3-5e24ac3e417a', 'cb996346-407e-45ad-a0ab-b557c9604d0c', '2026-02-17', 'assigned', '294a4063-59d9-4609-a29a-84645a9b926a', '2026-02-22 20:12:08'),
('7f805b10-5262-4f86-8cd5-b27391071326', '53a357f5-b4e2-45be-ae9b-fd7242889538', '36d8e553-a6be-4182-8ba9-08dc1a19455f', '2026-02-17', 'complete', '3265a96e-c49d-4f2a-9712-1db566ba3b6d', '2026-02-17 03:11:57'),
('80b32eee-4215-4eb2-b7ef-5658b42faf8d', '933844a1-c837-4a09-862a-800d538d67c1', 'f135cbf1-a546-407e-871d-906cfe076edf', '2026-02-18', 'complete', '06bd21fd-5a5d-4639-8d74-34d162a1232a', '2026-02-22 20:12:07'),
('80ead4c2-e2c8-4b9b-a8e4-c32fbe861338', 'a0f3b228-35be-467c-a394-1400a53945a0', '7dffaaab-0818-4f2c-a9cc-43b7fc9ac0cb', '2026-02-15', 'complete', '06bd21fd-5a5d-4639-8d74-34d162a1232a', '2026-02-22 20:12:06'),
('80ef281a-038c-43ac-a368-7a2224deb732', '709f021f-ac68-4c01-a3c6-98b6368fae25', '7179b4c7-dbb9-4055-9695-9de4461d1d98', '2026-02-21', 'incomplete', '4ff82206-eefc-49c2-8bfe-278c9305cbcd', '2026-02-22 20:12:08'),
('81d6d885-d1f7-41f6-8b18-9a30468bfb14', '53a357f5-b4e2-45be-ae9b-fd7242889538', '4f844f06-ac19-46a4-b04a-3e5ead812b31', '2026-01-28', 'complete', '3265a96e-c49d-4f2a-9712-1db566ba3b6d', '2026-01-28 04:00:07'),
('822633ee-abd9-40f2-bab8-36a3fb57e45c', 'a0f3b228-35be-467c-a394-1400a53945a0', '4c903ec2-d668-411c-9e95-6277a545300f', '2026-02-21', 'complete', '06bd21fd-5a5d-4639-8d74-34d162a1232a', '2026-02-22 20:12:06'),
('8259cd6a-1215-493b-8a4c-caf155150ee7', '600f9b09-6922-4b6d-8ac4-32d909a9441d', '0a41243d-e120-4424-aa5e-12936d9c9b82', '2026-02-18', 'incomplete', '294a4063-59d9-4609-a29a-84645a9b926a', '2026-02-22 20:12:08'),
('8291d662-b635-4809-85a1-7f344c3c13ab', 'a0f3b228-35be-467c-a394-1400a53945a0', '4c903ec2-d668-411c-9e95-6277a545300f', '2026-02-17', 'incomplete', '06bd21fd-5a5d-4639-8d74-34d162a1232a', '2026-02-22 20:12:06'),
('8384d119-9f2e-4933-9f02-5c59d0ed89be', 'a0f3b228-35be-467c-a394-1400a53945a0', '4c903ec2-d668-411c-9e95-6277a545300f', '2026-02-20', 'submitted', '06bd21fd-5a5d-4639-8d74-34d162a1232a', '2026-02-22 20:12:06'),
('857474f2-aa46-40ff-90f2-9b7739fc9b40', '52789d9c-e195-4207-82d6-8f6f7fdd8a5b', '16861a25-febe-4773-b31b-3a83ca7feeeb', '2026-02-19', 'complete', 'c07b47fc-7e09-4800-977d-a1ebf82034cc', '2026-02-22 20:12:07'),
('85e638bb-4739-4f8b-95ec-9fe8263690cc', 'faba9c3a-667b-44d0-84d3-5e24ac3e417a', 'cb996346-407e-45ad-a0ab-b557c9604d0c', '2026-02-15', 'submitted', '294a4063-59d9-4609-a29a-84645a9b926a', '2026-02-22 20:12:08'),
('8606a2a3-dcbf-4fb1-9c86-03acb185f63e', '53a357f5-b4e2-45be-ae9b-fd7242889538', '4760f28d-2705-43f3-be12-7d6bd00ec847', '2026-02-08', 'complete', '3265a96e-c49d-4f2a-9712-1db566ba3b6d', '2026-02-08 01:54:15'),
('862f218a-3d20-44a2-99e0-842372ddf919', '52789d9c-e195-4207-82d6-8f6f7fdd8a5b', '9cbafabd-3903-4440-a0c9-abfca029d9fd', '2026-02-16', 'incomplete', 'c07b47fc-7e09-4800-977d-a1ebf82034cc', '2026-02-22 20:12:07'),
('87e30b49-a562-4c38-a24c-44eed9124b88', '53a357f5-b4e2-45be-ae9b-fd7242889538', '2d88bac7-4d86-492f-beb3-32b17f970d20', '2026-02-04', 'complete', '3265a96e-c49d-4f2a-9712-1db566ba3b6d', '2026-02-04 19:58:34'),
('88212ac4-000b-4b2b-8a63-07492cbf9829', '600f9b09-6922-4b6d-8ac4-32d909a9441d', 'cb996346-407e-45ad-a0ab-b557c9604d0c', '2026-02-15', 'submitted', '294a4063-59d9-4609-a29a-84645a9b926a', '2026-02-22 20:12:08'),
('88ba7b2b-cb69-4629-a82d-f406057c82e4', '933844a1-c837-4a09-862a-800d538d67c1', 'c2681458-1589-4fe2-9710-169049e18935', '2026-02-13', 'complete', '06bd21fd-5a5d-4639-8d74-34d162a1232a', '2026-02-22 20:12:06'),
('8ace454e-a3cc-4765-8ef6-325a59c1fb1b', '52789d9c-e195-4207-82d6-8f6f7fdd8a5b', '0d9146fd-455f-40d0-accd-b5b93dfd88e8', '2026-02-17', 'assigned', 'c07b47fc-7e09-4800-977d-a1ebf82034cc', '2026-02-22 20:12:07'),
('8c25f318-746e-48c0-aa13-c422d3bd299c', 'bd8184d2-29cf-4093-8ecc-87513ce59f93', '16861a25-febe-4773-b31b-3a83ca7feeeb', '2026-02-22', 'assigned', 'c07b47fc-7e09-4800-977d-a1ebf82034cc', '2026-02-22 20:12:07'),
('8e8eed87-a3e1-4762-9e61-a61c385dda95', '933844a1-c837-4a09-862a-800d538d67c1', '4c903ec2-d668-411c-9e95-6277a545300f', '2026-02-19', 'complete', '06bd21fd-5a5d-4639-8d74-34d162a1232a', '2026-02-22 20:12:07'),
('8eeded84-bf2d-4d50-950e-971f68af1299', '933844a1-c837-4a09-862a-800d538d67c1', 'f135cbf1-a546-407e-871d-906cfe076edf', '2026-02-16', 'complete', '06bd21fd-5a5d-4639-8d74-34d162a1232a', '2026-02-22 20:12:06'),
('90458024-7766-447a-b0fb-37e77f0acb1f', 'a0f3b228-35be-467c-a394-1400a53945a0', 'c2681458-1589-4fe2-9710-169049e18935', '2026-02-18', 'complete', '06bd21fd-5a5d-4639-8d74-34d162a1232a', '2026-02-22 20:12:06'),
('90ae1906-8096-4c17-b93f-c9d49c8073fb', '933844a1-c837-4a09-862a-800d538d67c1', '4c903ec2-d668-411c-9e95-6277a545300f', '2026-02-14', 'complete', '06bd21fd-5a5d-4639-8d74-34d162a1232a', '2026-02-22 20:12:06'),
('926a719c-f004-4f04-8597-1702e3e83920', '89d2f542-171d-4ee9-9a6d-d9189c77cf35', '7179b4c7-dbb9-4055-9695-9de4461d1d98', '2026-02-21', 'incomplete', '4ff82206-eefc-49c2-8bfe-278c9305cbcd', '2026-02-22 20:12:07'),
('92723765-6967-4c3c-9d98-aab524323b77', '52789d9c-e195-4207-82d6-8f6f7fdd8a5b', '9cbafabd-3903-4440-a0c9-abfca029d9fd', '2026-02-19', 'incomplete', 'c07b47fc-7e09-4800-977d-a1ebf82034cc', '2026-02-22 20:12:07'),
('9562a2b4-fdd9-4e8e-b711-35e4db90a411', 'a0f3b228-35be-467c-a394-1400a53945a0', 'c2681458-1589-4fe2-9710-169049e18935', '2026-02-23', 'submitted', '06bd21fd-5a5d-4639-8d74-34d162a1232a', '2026-02-23 19:31:44'),
('98e2336a-91bc-4492-86c2-e4ca6d0c4009', '933844a1-c837-4a09-862a-800d538d67c1', '4c903ec2-d668-411c-9e95-6277a545300f', '2026-02-13', 'submitted', '06bd21fd-5a5d-4639-8d74-34d162a1232a', '2026-02-22 20:12:06'),
('9924a2bb-67f3-46bc-a93f-fd05c8482ef5', '600f9b09-6922-4b6d-8ac4-32d909a9441d', '0a41243d-e120-4424-aa5e-12936d9c9b82', '2026-02-16', 'assigned', '294a4063-59d9-4609-a29a-84645a9b926a', '2026-02-22 20:12:08'),
('9945b914-86c9-43b8-b6f3-647716ea1d80', '89d2f542-171d-4ee9-9a6d-d9189c77cf35', '7179b4c7-dbb9-4055-9695-9de4461d1d98', '2026-02-17', 'incomplete', '4ff82206-eefc-49c2-8bfe-278c9305cbcd', '2026-02-22 20:12:07'),
('9a61950e-fee4-4321-be50-4c72b249a13d', 'bd8184d2-29cf-4093-8ecc-87513ce59f93', '0d9146fd-455f-40d0-accd-b5b93dfd88e8', '2026-02-16', 'incomplete', 'c07b47fc-7e09-4800-977d-a1ebf82034cc', '2026-02-22 20:12:07'),
('9b021b15-5b70-4a8f-90ea-ad6e1510976c', '933844a1-c837-4a09-862a-800d538d67c1', '7dffaaab-0818-4f2c-a9cc-43b7fc9ac0cb', '2026-02-14', 'submitted', '06bd21fd-5a5d-4639-8d74-34d162a1232a', '2026-02-22 20:12:06'),
('9cd17be6-c28b-4638-9ef3-649bfa649bc3', '89d2f542-171d-4ee9-9a6d-d9189c77cf35', '20205e50-a82b-419a-8e58-6258dab23c6e', '2026-02-19', 'submitted', '4ff82206-eefc-49c2-8bfe-278c9305cbcd', '2026-02-22 20:12:07'),
('9d9831dc-5eed-40c9-b6c4-460c82b4b212', '933844a1-c837-4a09-862a-800d538d67c1', '4c903ec2-d668-411c-9e95-6277a545300f', '2026-02-18', 'complete', '06bd21fd-5a5d-4639-8d74-34d162a1232a', '2026-02-22 20:12:07'),
('9e167175-75df-4ae2-8006-18029cb55928', '933844a1-c837-4a09-862a-800d538d67c1', 'c2681458-1589-4fe2-9710-169049e18935', '2026-02-17', 'complete', '06bd21fd-5a5d-4639-8d74-34d162a1232a', '2026-02-22 20:12:07'),
('a012e04c-e1b3-46c8-a924-974bcfdf752a', 'a0f3b228-35be-467c-a394-1400a53945a0', '4c903ec2-d668-411c-9e95-6277a545300f', '2026-02-14', 'complete', '06bd21fd-5a5d-4639-8d74-34d162a1232a', '2026-02-22 20:12:06'),
('a06e55bb-e52b-4dd2-a541-d2de9ffe0bbc', '933844a1-c837-4a09-862a-800d538d67c1', 'f135cbf1-a546-407e-871d-906cfe076edf', '2026-02-14', 'complete', '06bd21fd-5a5d-4639-8d74-34d162a1232a', '2026-02-22 20:12:06'),
('a1124481-575d-4452-bbbc-e9267b223ea0', 'bd8184d2-29cf-4093-8ecc-87513ce59f93', 'ff335f79-c56c-4b00-85eb-2d0bd7ebb96a', '2026-02-22', 'incomplete', 'c07b47fc-7e09-4800-977d-a1ebf82034cc', '2026-02-22 20:12:07'),
('a16b160c-f3f5-4472-bd52-4ee18d3f3a4f', '600f9b09-6922-4b6d-8ac4-32d909a9441d', '0a41243d-e120-4424-aa5e-12936d9c9b82', '2026-02-14', 'submitted', '294a4063-59d9-4609-a29a-84645a9b926a', '2026-02-22 20:12:08'),
('a448273e-2547-41ff-bd80-2699bf5bd8ca', '933844a1-c837-4a09-862a-800d538d67c1', '7dffaaab-0818-4f2c-a9cc-43b7fc9ac0cb', '2026-02-19', 'complete', '06bd21fd-5a5d-4639-8d74-34d162a1232a', '2026-02-22 20:12:07'),
('a62802b3-dfaa-4193-ae17-ecd60289f419', '933844a1-c837-4a09-862a-800d538d67c1', '7dffaaab-0818-4f2c-a9cc-43b7fc9ac0cb', '2026-02-17', 'complete', '06bd21fd-5a5d-4639-8d74-34d162a1232a', '2026-02-22 20:12:07'),
('a71c992f-7b2c-42aa-a069-c7c36dcb991c', '53a357f5-b4e2-45be-ae9b-fd7242889538', '2d88bac7-4d86-492f-beb3-32b17f970d20', '2026-02-15', 'assigned', '3265a96e-c49d-4f2a-9712-1db566ba3b6d', '2026-02-15 23:44:24'),
('a8a73227-b9d0-4d19-95ab-2cf670c4e176', '53a357f5-b4e2-45be-ae9b-fd7242889538', '4760f28d-2705-43f3-be12-7d6bd00ec847', '2026-02-11', 'assigned', '3265a96e-c49d-4f2a-9712-1db566ba3b6d', '2026-02-11 00:42:08'),
('a8f3cc88-a3f2-414b-9cca-9fb4425b5105', 'faba9c3a-667b-44d0-84d3-5e24ac3e417a', 'a456e33b-ebb9-4910-8b51-6eaae438e007', '2026-02-19', 'assigned', '294a4063-59d9-4609-a29a-84645a9b926a', '2026-02-22 20:12:08'),
('a938e054-5eab-450a-9793-ef4dfd43b4ec', '709f021f-ac68-4c01-a3c6-98b6368fae25', '20205e50-a82b-419a-8e58-6258dab23c6e', '2026-02-15', 'complete', '4ff82206-eefc-49c2-8bfe-278c9305cbcd', '2026-02-22 20:12:07'),
('a99b7900-4bb1-4d5a-9b6b-334c12ef1ece', 'faba9c3a-667b-44d0-84d3-5e24ac3e417a', 'a456e33b-ebb9-4910-8b51-6eaae438e007', '2026-02-21', 'incomplete', '294a4063-59d9-4609-a29a-84645a9b926a', '2026-02-22 20:12:08'),
('a9c2db33-a7a4-42ae-b550-758d5d3344b5', '53a357f5-b4e2-45be-ae9b-fd7242889538', '2d88bac7-4d86-492f-beb3-32b17f970d20', '2026-02-17', 'complete', '3265a96e-c49d-4f2a-9712-1db566ba3b6d', '2026-02-17 03:12:07'),
('a9e5a0f7-f37f-4031-8e7d-7762ab81336c', '709f021f-ac68-4c01-a3c6-98b6368fae25', 'f9136216-36f6-464d-a55e-446f28f9d03e', '2026-02-13', 'incomplete', '4ff82206-eefc-49c2-8bfe-278c9305cbcd', '2026-02-22 20:12:07'),
('a9fa2bd6-100f-4a63-a448-6a633f322d4b', '52789d9c-e195-4207-82d6-8f6f7fdd8a5b', '0d9146fd-455f-40d0-accd-b5b93dfd88e8', '2026-02-21', 'assigned', 'c07b47fc-7e09-4800-977d-a1ebf82034cc', '2026-02-22 20:12:07'),
('aa1b85e3-a559-4fb6-b136-57e1f0a9f8c3', 'a0f3b228-35be-467c-a394-1400a53945a0', 'c2681458-1589-4fe2-9710-169049e18935', '2026-02-21', 'assigned', '06bd21fd-5a5d-4639-8d74-34d162a1232a', '2026-02-22 20:12:06');
INSERT INTO `daily_quests` (`id`, `child_id`, `quest_definition_id`, `target_date`, `status`, `assigned_by`, `created_at`) VALUES
('aa9de32b-734e-419d-8f8a-bcdb80a21052', '89d2f542-171d-4ee9-9a6d-d9189c77cf35', '44f626ec-ebfc-4b12-9797-e8699ea6d76a', '2026-02-21', 'submitted', '4ff82206-eefc-49c2-8bfe-278c9305cbcd', '2026-02-22 20:12:07'),
('ac96e0bf-13a3-45b2-93ab-0cc7319503b6', '709f021f-ac68-4c01-a3c6-98b6368fae25', '44f626ec-ebfc-4b12-9797-e8699ea6d76a', '2026-02-16', 'assigned', '4ff82206-eefc-49c2-8bfe-278c9305cbcd', '2026-02-22 20:12:08'),
('aca64706-0277-4da7-aaa2-266ade0bfdb5', 'faba9c3a-667b-44d0-84d3-5e24ac3e417a', '72567089-d6e1-4233-9419-c3036ea118e5', '2026-02-17', 'incomplete', '294a4063-59d9-4609-a29a-84645a9b926a', '2026-02-22 20:12:08'),
('ad549350-7437-4a69-8b20-6aa6ffde213d', '53a357f5-b4e2-45be-ae9b-fd7242889538', '58e3c9d3-d790-4bb1-ac59-695572031d81', '2026-01-28', 'incomplete', '3265a96e-c49d-4f2a-9712-1db566ba3b6d', '2026-01-28 03:26:41'),
('adaf2a0c-8e5c-4918-98eb-2fc3210ea9c7', '709f021f-ac68-4c01-a3c6-98b6368fae25', '7179b4c7-dbb9-4055-9695-9de4461d1d98', '2026-02-17', 'incomplete', '4ff82206-eefc-49c2-8bfe-278c9305cbcd', '2026-02-22 20:12:08'),
('adafa3d0-2261-4c3d-b043-799ff8d2f083', 'faba9c3a-667b-44d0-84d3-5e24ac3e417a', '0a41243d-e120-4424-aa5e-12936d9c9b82', '2026-02-22', 'incomplete', '294a4063-59d9-4609-a29a-84645a9b926a', '2026-02-22 20:12:08'),
('aecbaf94-2224-4506-9066-ec62246cf7f1', '600f9b09-6922-4b6d-8ac4-32d909a9441d', 'a456e33b-ebb9-4910-8b51-6eaae438e007', '2026-02-14', 'incomplete', '294a4063-59d9-4609-a29a-84645a9b926a', '2026-02-22 20:12:08'),
('aedaa6ad-8939-42eb-ac22-09bc5f263763', '933844a1-c837-4a09-862a-800d538d67c1', '4c903ec2-d668-411c-9e95-6277a545300f', '2026-02-22', 'assigned', '06bd21fd-5a5d-4639-8d74-34d162a1232a', '2026-02-22 20:12:07'),
('aff2b8f2-8fc7-4c99-a445-102284a6c31e', '600f9b09-6922-4b6d-8ac4-32d909a9441d', '72567089-d6e1-4233-9419-c3036ea118e5', '2026-02-15', 'complete', '294a4063-59d9-4609-a29a-84645a9b926a', '2026-02-22 20:12:08'),
('b06d6473-1bb3-4db9-a208-c110524db4d3', '52789d9c-e195-4207-82d6-8f6f7fdd8a5b', '0d9146fd-455f-40d0-accd-b5b93dfd88e8', '2026-02-16', 'incomplete', 'c07b47fc-7e09-4800-977d-a1ebf82034cc', '2026-02-22 20:12:07'),
('b17df44a-a109-432c-a3ef-2ce106d50d6d', '933844a1-c837-4a09-862a-800d538d67c1', '7dffaaab-0818-4f2c-a9cc-43b7fc9ac0cb', '2026-02-18', 'incomplete', '06bd21fd-5a5d-4639-8d74-34d162a1232a', '2026-02-22 20:12:07'),
('b1827b2d-f213-45c8-bb96-aab02f23b27d', '933844a1-c837-4a09-862a-800d538d67c1', '7dffaaab-0818-4f2c-a9cc-43b7fc9ac0cb', '2026-02-22', 'complete', '06bd21fd-5a5d-4639-8d74-34d162a1232a', '2026-02-22 20:12:07'),
('b2af1c91-e988-4bb7-a851-736c657ec210', '933844a1-c837-4a09-862a-800d538d67c1', 'c2681458-1589-4fe2-9710-169049e18935', '2026-02-15', 'complete', '06bd21fd-5a5d-4639-8d74-34d162a1232a', '2026-02-22 20:12:06'),
('b2fb3cf5-a76e-420b-9e69-375481d6d412', 'bd8184d2-29cf-4093-8ecc-87513ce59f93', '9cbafabd-3903-4440-a0c9-abfca029d9fd', '2026-02-22', 'incomplete', 'c07b47fc-7e09-4800-977d-a1ebf82034cc', '2026-02-22 20:12:07'),
('b34a7e2b-e790-471a-bc5c-05b8447a628c', '933844a1-c837-4a09-862a-800d538d67c1', 'f135cbf1-a546-407e-871d-906cfe076edf', '2026-02-22', 'submitted', '06bd21fd-5a5d-4639-8d74-34d162a1232a', '2026-02-22 20:12:07'),
('b3b07697-bff1-4168-95f9-f6a6ee899cba', '53a357f5-b4e2-45be-ae9b-fd7242889538', 'e1272da5-75a5-4646-b78d-d95021a4aec4', '2026-02-13', 'submitted', '3265a96e-c49d-4f2a-9712-1db566ba3b6d', '2026-02-12 00:42:34'),
('b3e9a6c5-795c-4d54-ae16-e0fab4224c3f', 'bd8184d2-29cf-4093-8ecc-87513ce59f93', '16861a25-febe-4773-b31b-3a83ca7feeeb', '2026-02-18', 'assigned', 'c07b47fc-7e09-4800-977d-a1ebf82034cc', '2026-02-22 20:12:07'),
('b5cd6b9e-c3a9-483b-a903-832eae0406d7', '52789d9c-e195-4207-82d6-8f6f7fdd8a5b', '16861a25-febe-4773-b31b-3a83ca7feeeb', '2026-02-18', 'assigned', 'c07b47fc-7e09-4800-977d-a1ebf82034cc', '2026-02-22 20:12:07'),
('b5f90e5f-5bff-4dd0-80e8-bb7acc87aee9', '53a357f5-b4e2-45be-ae9b-fd7242889538', 'e1272da5-75a5-4646-b78d-d95021a4aec4', '2026-02-08', 'complete', '3265a96e-c49d-4f2a-9712-1db566ba3b6d', '2026-02-08 01:54:06'),
('b67897ae-33db-4ab7-b9ae-a08c71d6369f', '89d2f542-171d-4ee9-9a6d-d9189c77cf35', '20205e50-a82b-419a-8e58-6258dab23c6e', '2026-02-17', 'incomplete', '4ff82206-eefc-49c2-8bfe-278c9305cbcd', '2026-02-22 20:12:07'),
('b6806adf-612e-4a94-8146-ffe7359d7f44', '53a357f5-b4e2-45be-ae9b-fd7242889538', '8e30cf27-454b-48a5-900a-5bcd3616a6e9', '2026-02-04', 'complete', '3265a96e-c49d-4f2a-9712-1db566ba3b6d', '2026-02-04 22:12:12'),
('b70eb982-731b-4c40-8ccc-8d7f7cade458', 'faba9c3a-667b-44d0-84d3-5e24ac3e417a', 'a456e33b-ebb9-4910-8b51-6eaae438e007', '2026-02-22', 'assigned', '294a4063-59d9-4609-a29a-84645a9b926a', '2026-02-22 20:12:08'),
('b8df474f-fc74-4c87-9edf-44dc670c3bf8', '89d2f542-171d-4ee9-9a6d-d9189c77cf35', 'f9136216-36f6-464d-a55e-446f28f9d03e', '2026-02-20', 'incomplete', '4ff82206-eefc-49c2-8bfe-278c9305cbcd', '2026-02-22 20:12:07'),
('b8fe401f-aa5e-47a4-bde7-ddac3df18e3f', 'a0f3b228-35be-467c-a394-1400a53945a0', 'c2681458-1589-4fe2-9710-169049e18935', '2026-02-19', 'submitted', '06bd21fd-5a5d-4639-8d74-34d162a1232a', '2026-02-22 20:12:06'),
('b90bb546-96d6-4356-abce-6345f4fa5d13', 'a0f3b228-35be-467c-a394-1400a53945a0', '7dffaaab-0818-4f2c-a9cc-43b7fc9ac0cb', '2026-02-13', 'complete', '06bd21fd-5a5d-4639-8d74-34d162a1232a', '2026-02-22 20:12:06'),
('ba59080a-99d6-4623-8cf2-4a5c19a5ccaf', '53a357f5-b4e2-45be-ae9b-fd7242889538', '69a8ec65-343c-44f8-b16c-f70ae98a1793', '2026-01-28', 'complete', '3265a96e-c49d-4f2a-9712-1db566ba3b6d', '2026-01-28 12:49:15'),
('bb5829d2-b873-4f1b-9d7b-da94524b88d5', 'a0f3b228-35be-467c-a394-1400a53945a0', 'f135cbf1-a546-407e-871d-906cfe076edf', '2026-02-18', 'complete', '06bd21fd-5a5d-4639-8d74-34d162a1232a', '2026-02-22 20:12:06'),
('bbc4d5c2-1a83-48cc-96b0-2f554e338599', 'bd8184d2-29cf-4093-8ecc-87513ce59f93', '0d9146fd-455f-40d0-accd-b5b93dfd88e8', '2026-02-20', 'incomplete', 'c07b47fc-7e09-4800-977d-a1ebf82034cc', '2026-02-22 20:12:07'),
('bc38da11-acd8-4b23-888c-e35993468daf', '600f9b09-6922-4b6d-8ac4-32d909a9441d', '72567089-d6e1-4233-9419-c3036ea118e5', '2026-02-17', 'incomplete', '294a4063-59d9-4609-a29a-84645a9b926a', '2026-02-22 20:12:08'),
('bd38e836-7791-45cd-b687-1f5ef65e1ec7', '53a357f5-b4e2-45be-ae9b-fd7242889538', '2d88bac7-4d86-492f-beb3-32b17f970d20', '2026-02-12', 'complete', '3265a96e-c49d-4f2a-9712-1db566ba3b6d', '2026-02-11 01:03:09'),
('be6f98d1-b847-4d5b-8e74-754cdc5014d2', '709f021f-ac68-4c01-a3c6-98b6368fae25', '20205e50-a82b-419a-8e58-6258dab23c6e', '2026-02-16', 'incomplete', '4ff82206-eefc-49c2-8bfe-278c9305cbcd', '2026-02-22 20:12:08'),
('be8f56dd-2542-4bb3-91c7-66dd627a8aae', 'a0f3b228-35be-467c-a394-1400a53945a0', 'f135cbf1-a546-407e-871d-906cfe076edf', '2026-02-23', 'complete', '06bd21fd-5a5d-4639-8d74-34d162a1232a', '2026-02-23 00:19:05'),
('bebb5910-0b97-477c-9223-66c83c27619e', '933844a1-c837-4a09-862a-800d538d67c1', '7dffaaab-0818-4f2c-a9cc-43b7fc9ac0cb', '2026-02-13', 'complete', '06bd21fd-5a5d-4639-8d74-34d162a1232a', '2026-02-22 20:12:06'),
('bf420b70-bdf1-40b1-a876-e2496581f212', '709f021f-ac68-4c01-a3c6-98b6368fae25', '7179b4c7-dbb9-4055-9695-9de4461d1d98', '2026-02-20', 'submitted', '4ff82206-eefc-49c2-8bfe-278c9305cbcd', '2026-02-22 20:12:08'),
('c2cbb341-53a4-49ca-baa5-47377bc9304f', 'bd8184d2-29cf-4093-8ecc-87513ce59f93', '16861a25-febe-4773-b31b-3a83ca7feeeb', '2026-02-16', 'submitted', 'c07b47fc-7e09-4800-977d-a1ebf82034cc', '2026-02-22 20:12:07'),
('c2e9cf66-0516-4c33-8a08-9f389cd44417', '53a357f5-b4e2-45be-ae9b-fd7242889538', '69a8ec65-343c-44f8-b16c-f70ae98a1793', '2026-02-08', 'complete', '3265a96e-c49d-4f2a-9712-1db566ba3b6d', '2026-02-08 01:54:20'),
('c3be2883-d36b-46fd-baca-42dd1cd48d59', '709f021f-ac68-4c01-a3c6-98b6368fae25', '20205e50-a82b-419a-8e58-6258dab23c6e', '2026-02-14', 'assigned', '4ff82206-eefc-49c2-8bfe-278c9305cbcd', '2026-02-22 20:12:07'),
('c4d9f077-4d0b-47a0-83b8-9b57a57507f2', '933844a1-c837-4a09-862a-800d538d67c1', '7dffaaab-0818-4f2c-a9cc-43b7fc9ac0cb', '2026-02-15', 'complete', '06bd21fd-5a5d-4639-8d74-34d162a1232a', '2026-02-22 20:12:06'),
('c51add26-37a2-47d1-beee-ad6a3fda6dc6', 'faba9c3a-667b-44d0-84d3-5e24ac3e417a', 'cb996346-407e-45ad-a0ab-b557c9604d0c', '2026-02-16', 'incomplete', '294a4063-59d9-4609-a29a-84645a9b926a', '2026-02-22 20:12:08'),
('c5557773-0d31-4f6e-9078-f23cbda260b3', '52789d9c-e195-4207-82d6-8f6f7fdd8a5b', 'ff335f79-c56c-4b00-85eb-2d0bd7ebb96a', '2026-02-16', 'assigned', 'c07b47fc-7e09-4800-977d-a1ebf82034cc', '2026-02-22 20:12:07'),
('c686eb9e-65ac-440d-8857-a5dc3c29e7a2', '53a357f5-b4e2-45be-ae9b-fd7242889538', '14789c2e-4c03-4058-8f9d-dccc11b870db', '2026-02-08', 'complete', '3265a96e-c49d-4f2a-9712-1db566ba3b6d', '2026-02-08 01:14:23'),
('c7c1e9c0-d168-4a06-89b9-0b510592d7c6', 'faba9c3a-667b-44d0-84d3-5e24ac3e417a', '0a41243d-e120-4424-aa5e-12936d9c9b82', '2026-02-18', 'incomplete', '294a4063-59d9-4609-a29a-84645a9b926a', '2026-02-22 20:12:08'),
('c8eea530-3223-4603-9837-353b7c464921', 'a0f3b228-35be-467c-a394-1400a53945a0', 'f135cbf1-a546-407e-871d-906cfe076edf', '2026-02-16', 'complete', '06bd21fd-5a5d-4639-8d74-34d162a1232a', '2026-02-22 20:12:06'),
('c9d26484-ef62-4100-add9-64ebc5750622', '52789d9c-e195-4207-82d6-8f6f7fdd8a5b', '0d9146fd-455f-40d0-accd-b5b93dfd88e8', '2026-02-18', 'complete', 'c07b47fc-7e09-4800-977d-a1ebf82034cc', '2026-02-22 20:12:07'),
('ca0a728a-0e08-46b6-b843-1ecd77ba326e', '89d2f542-171d-4ee9-9a6d-d9189c77cf35', '20205e50-a82b-419a-8e58-6258dab23c6e', '2026-02-20', 'incomplete', '4ff82206-eefc-49c2-8bfe-278c9305cbcd', '2026-02-22 20:12:07'),
('cb3506f8-416e-46bf-852e-20453c7d5dc8', '600f9b09-6922-4b6d-8ac4-32d909a9441d', '72567089-d6e1-4233-9419-c3036ea118e5', '2026-02-20', 'incomplete', '294a4063-59d9-4609-a29a-84645a9b926a', '2026-02-22 20:12:08'),
('cbbacec5-c03d-409e-813f-cecb9bc4cb49', 'aefcb8b0-f0dc-4b24-8b93-dd9706e95c1b', '53789094-92da-4c85-9379-e8d18e8c74b8', '2026-02-23', 'assigned', 'c2f8e805-c841-4fd9-9a23-ce42c9d09e96', '2026-02-22 23:54:09'),
('cc10b7ec-9329-40d9-b070-976b9e9eb640', '709f021f-ac68-4c01-a3c6-98b6368fae25', '44f626ec-ebfc-4b12-9797-e8699ea6d76a', '2026-02-17', 'complete', '4ff82206-eefc-49c2-8bfe-278c9305cbcd', '2026-02-22 20:12:08'),
('cc30a70d-688d-4217-9048-e64465f7e865', '52789d9c-e195-4207-82d6-8f6f7fdd8a5b', '9cbafabd-3903-4440-a0c9-abfca029d9fd', '2026-02-18', 'submitted', 'c07b47fc-7e09-4800-977d-a1ebf82034cc', '2026-02-22 20:12:07'),
('cc3d6d2b-99c2-460b-9472-1df362d2f663', '53a357f5-b4e2-45be-ae9b-fd7242889538', '69a8ec65-343c-44f8-b16c-f70ae98a1793', '2026-02-12', 'submitted', '3265a96e-c49d-4f2a-9712-1db566ba3b6d', '2026-02-11 00:42:41'),
('cdd4c431-8016-4482-82be-71eb963d07a7', '53a357f5-b4e2-45be-ae9b-fd7242889538', 'e1272da5-75a5-4646-b78d-d95021a4aec4', '2026-02-04', 'complete', '3265a96e-c49d-4f2a-9712-1db566ba3b6d', '2026-02-04 22:21:06'),
('ce2df34e-0cff-4580-9af7-7a54e52ef784', 'faba9c3a-667b-44d0-84d3-5e24ac3e417a', 'cb996346-407e-45ad-a0ab-b557c9604d0c', '2026-02-20', 'incomplete', '294a4063-59d9-4609-a29a-84645a9b926a', '2026-02-22 20:12:08'),
('ce50aa8d-8bff-476f-bd31-7c994dc68a86', '89d2f542-171d-4ee9-9a6d-d9189c77cf35', '44f626ec-ebfc-4b12-9797-e8699ea6d76a', '2026-02-22', 'incomplete', '4ff82206-eefc-49c2-8bfe-278c9305cbcd', '2026-02-22 20:12:07'),
('ce93bf0b-281c-4efd-bdf7-8b7071a5ba78', 'faba9c3a-667b-44d0-84d3-5e24ac3e417a', 'cb996346-407e-45ad-a0ab-b557c9604d0c', '2026-02-19', 'incomplete', '294a4063-59d9-4609-a29a-84645a9b926a', '2026-02-22 20:12:08'),
('cec81526-b33b-4db4-97e6-29bcd99d490d', 'faba9c3a-667b-44d0-84d3-5e24ac3e417a', '0a41243d-e120-4424-aa5e-12936d9c9b82', '2026-02-17', 'complete', '294a4063-59d9-4609-a29a-84645a9b926a', '2026-02-22 20:12:08'),
('cfddd019-56bd-4a6e-86b2-8a2b225d471e', '53a357f5-b4e2-45be-ae9b-fd7242889538', '14789c2e-4c03-4058-8f9d-dccc11b870db', '2026-02-18', 'assigned', '3265a96e-c49d-4f2a-9712-1db566ba3b6d', '2026-02-18 23:18:14'),
('d0245315-ba31-4655-87f7-abcdae9f645e', '600f9b09-6922-4b6d-8ac4-32d909a9441d', '72567089-d6e1-4233-9419-c3036ea118e5', '2026-02-16', 'incomplete', '294a4063-59d9-4609-a29a-84645a9b926a', '2026-02-22 20:12:08'),
('d4547fc5-24e2-469e-8a7f-93c061852568', '52789d9c-e195-4207-82d6-8f6f7fdd8a5b', 'ff335f79-c56c-4b00-85eb-2d0bd7ebb96a', '2026-02-17', 'submitted', 'c07b47fc-7e09-4800-977d-a1ebf82034cc', '2026-02-22 20:12:07'),
('d4fd8530-dc18-480f-8e2d-8ffd73ab332c', '933844a1-c837-4a09-862a-800d538d67c1', 'f135cbf1-a546-407e-871d-906cfe076edf', '2026-02-17', 'assigned', '06bd21fd-5a5d-4639-8d74-34d162a1232a', '2026-02-22 20:12:07'),
('d57c1ee9-5ad6-420f-80cc-c0a0f8f747cf', 'a0f3b228-35be-467c-a394-1400a53945a0', 'f135cbf1-a546-407e-871d-906cfe076edf', '2026-02-19', 'incomplete', '06bd21fd-5a5d-4639-8d74-34d162a1232a', '2026-02-22 20:12:06'),
('d628fedd-7085-4eb7-ae05-0c408b3645c9', '89d2f542-171d-4ee9-9a6d-d9189c77cf35', 'f9136216-36f6-464d-a55e-446f28f9d03e', '2026-02-15', 'submitted', '4ff82206-eefc-49c2-8bfe-278c9305cbcd', '2026-02-22 20:12:07'),
('d6a93c02-3412-4eae-bb23-7d59ab6e25c0', '52789d9c-e195-4207-82d6-8f6f7fdd8a5b', '16861a25-febe-4773-b31b-3a83ca7feeeb', '2026-02-22', 'assigned', 'c07b47fc-7e09-4800-977d-a1ebf82034cc', '2026-02-22 20:12:07'),
('d75e4e2d-fd0d-4cbe-b476-fe1449f94d29', '89d2f542-171d-4ee9-9a6d-d9189c77cf35', '20205e50-a82b-419a-8e58-6258dab23c6e', '2026-02-21', 'assigned', '4ff82206-eefc-49c2-8bfe-278c9305cbcd', '2026-02-22 20:12:07'),
('d9396f76-e399-4d4c-930c-308ee24d2033', '709f021f-ac68-4c01-a3c6-98b6368fae25', '20205e50-a82b-419a-8e58-6258dab23c6e', '2026-02-13', 'incomplete', '4ff82206-eefc-49c2-8bfe-278c9305cbcd', '2026-02-22 20:12:07'),
('dc3dd4d2-5eea-4461-96ca-02bc99a80f27', '600f9b09-6922-4b6d-8ac4-32d909a9441d', '72567089-d6e1-4233-9419-c3036ea118e5', '2026-02-18', 'assigned', '294a4063-59d9-4609-a29a-84645a9b926a', '2026-02-22 20:12:08'),
('dd8ac0cc-fbee-4a6d-a33f-6d9a113216d9', '89d2f542-171d-4ee9-9a6d-d9189c77cf35', '44f626ec-ebfc-4b12-9797-e8699ea6d76a', '2026-02-14', 'submitted', '4ff82206-eefc-49c2-8bfe-278c9305cbcd', '2026-02-22 20:12:07'),
('e0a3a310-6079-4005-9eea-1b45e0ceef04', '600f9b09-6922-4b6d-8ac4-32d909a9441d', 'a456e33b-ebb9-4910-8b51-6eaae438e007', '2026-02-17', 'incomplete', '294a4063-59d9-4609-a29a-84645a9b926a', '2026-02-22 20:12:08'),
('e1b0e064-9c35-4f29-989b-9ddde43f13c8', '53a357f5-b4e2-45be-ae9b-fd7242889538', '94ef4b55-1709-41e9-bde3-5d9ae3e32620', '2026-02-18', 'complete', '3265a96e-c49d-4f2a-9712-1db566ba3b6d', '2026-02-18 23:18:23'),
('e1f5ff1b-ec23-4131-bb63-30cfba8518e0', '709f021f-ac68-4c01-a3c6-98b6368fae25', 'f9136216-36f6-464d-a55e-446f28f9d03e', '2026-02-17', 'assigned', '4ff82206-eefc-49c2-8bfe-278c9305cbcd', '2026-02-22 20:12:08'),
('e2043834-6f0d-458e-b9fd-bad7d4b8daac', '709f021f-ac68-4c01-a3c6-98b6368fae25', '44f626ec-ebfc-4b12-9797-e8699ea6d76a', '2026-02-14', 'submitted', '4ff82206-eefc-49c2-8bfe-278c9305cbcd', '2026-02-22 20:12:07'),
('e28dc7a5-ab08-4dbb-9b98-6b47c3290761', 'faba9c3a-667b-44d0-84d3-5e24ac3e417a', '0a41243d-e120-4424-aa5e-12936d9c9b82', '2026-02-14', 'submitted', '294a4063-59d9-4609-a29a-84645a9b926a', '2026-02-22 20:12:08'),
('e2d1d0b8-25da-40a8-b6f8-13fa6555b0fd', '933844a1-c837-4a09-862a-800d538d67c1', 'c2681458-1589-4fe2-9710-169049e18935', '2026-02-19', 'submitted', '06bd21fd-5a5d-4639-8d74-34d162a1232a', '2026-02-22 20:12:07'),
('e2d7b3de-1d3a-47bd-a2f2-cc6a8410edb5', '709f021f-ac68-4c01-a3c6-98b6368fae25', '44f626ec-ebfc-4b12-9797-e8699ea6d76a', '2026-02-20', 'assigned', '4ff82206-eefc-49c2-8bfe-278c9305cbcd', '2026-02-22 20:12:08'),
('e40fdab0-fe8c-4a6b-94a7-0565db97971b', '89d2f542-171d-4ee9-9a6d-d9189c77cf35', '20205e50-a82b-419a-8e58-6258dab23c6e', '2026-02-15', 'complete', '4ff82206-eefc-49c2-8bfe-278c9305cbcd', '2026-02-22 20:12:07'),
('e4ef87ad-f41e-43c4-8313-37ed45693e75', '53a357f5-b4e2-45be-ae9b-fd7242889538', '69a8ec65-343c-44f8-b16c-f70ae98a1793', '2026-02-15', 'assigned', '3265a96e-c49d-4f2a-9712-1db566ba3b6d', '2026-02-15 23:44:28'),
('e50004d3-c0f8-4d1b-b846-2ef1d23e3db3', '600f9b09-6922-4b6d-8ac4-32d909a9441d', 'cb996346-407e-45ad-a0ab-b557c9604d0c', '2026-02-19', 'incomplete', '294a4063-59d9-4609-a29a-84645a9b926a', '2026-02-22 20:12:08'),
('e5d97849-f8ad-4e82-8d38-27bc0731ea95', '89d2f542-171d-4ee9-9a6d-d9189c77cf35', '7179b4c7-dbb9-4055-9695-9de4461d1d98', '2026-02-18', 'incomplete', '4ff82206-eefc-49c2-8bfe-278c9305cbcd', '2026-02-22 20:12:07'),
('e5ee8556-4313-4703-b8c8-2759d73e0c23', '52789d9c-e195-4207-82d6-8f6f7fdd8a5b', '16861a25-febe-4773-b31b-3a83ca7feeeb', '2026-02-21', 'incomplete', 'c07b47fc-7e09-4800-977d-a1ebf82034cc', '2026-02-22 20:12:07'),
('e63a2688-0e18-4822-8ab8-271ec45b990e', '933844a1-c837-4a09-862a-800d538d67c1', 'f135cbf1-a546-407e-871d-906cfe076edf', '2026-02-15', 'submitted', '06bd21fd-5a5d-4639-8d74-34d162a1232a', '2026-02-22 20:12:06'),
('e6a23ed8-f9e4-42ad-a917-db161b40dc53', '53a357f5-b4e2-45be-ae9b-fd7242889538', 'c43121bc-80cc-49f7-a6b2-009e7768d404', '2026-02-04', 'incomplete', '3265a96e-c49d-4f2a-9712-1db566ba3b6d', '2026-02-04 22:12:16'),
('e6c2e4a4-8ce0-4ea2-a931-cf9cd04609e8', 'a0f3b228-35be-467c-a394-1400a53945a0', 'f135cbf1-a546-407e-871d-906cfe076edf', '2026-02-21', 'complete', '06bd21fd-5a5d-4639-8d74-34d162a1232a', '2026-02-22 20:12:06'),
('e83ab41a-f113-4491-8e66-5010e0ddf383', 'bd8184d2-29cf-4093-8ecc-87513ce59f93', 'ff335f79-c56c-4b00-85eb-2d0bd7ebb96a', '2026-02-17', 'submitted', 'c07b47fc-7e09-4800-977d-a1ebf82034cc', '2026-02-22 20:12:07'),
('e902d0c8-8022-4500-a080-6fa5d4cda67e', '53a357f5-b4e2-45be-ae9b-fd7242889538', '58e3c9d3-d790-4bb1-ac59-695572031d81', '2026-02-17', 'complete', '3265a96e-c49d-4f2a-9712-1db566ba3b6d', '2026-02-17 03:12:03'),
('e991e43d-440f-44d3-aa53-9b0d8728fe10', 'a0f3b228-35be-467c-a394-1400a53945a0', '7dffaaab-0818-4f2c-a9cc-43b7fc9ac0cb', '2026-02-18', 'incomplete', '06bd21fd-5a5d-4639-8d74-34d162a1232a', '2026-02-22 20:12:06'),
('eba3860f-d7d5-4bcd-8127-ba5da23e5d5d', '52789d9c-e195-4207-82d6-8f6f7fdd8a5b', '9cbafabd-3903-4440-a0c9-abfca029d9fd', '2026-02-21', 'complete', 'c07b47fc-7e09-4800-977d-a1ebf82034cc', '2026-02-22 20:12:07'),
('ebb6e1f9-68c1-41a1-9092-06dc172dd907', '89d2f542-171d-4ee9-9a6d-d9189c77cf35', '44f626ec-ebfc-4b12-9797-e8699ea6d76a', '2026-02-20', 'assigned', '4ff82206-eefc-49c2-8bfe-278c9305cbcd', '2026-02-22 20:12:07'),
('ebf138f7-210f-4410-9067-85529226361d', '57b63a08-8c87-4a94-a02c-07d3c71f5ca4', '8c71fd43-2f0d-4cb4-aa09-98818900f5d8', '2026-02-23', 'complete', '8d79e7e1-3839-479f-9f26-8214ad7b8cf7', '2026-02-22 23:53:39'),
('ebf8ab0d-ae36-438c-b71a-730cd581a68d', '53a357f5-b4e2-45be-ae9b-fd7242889538', '4760f28d-2705-43f3-be12-7d6bd00ec847', '2026-02-12', 'incomplete', '3265a96e-c49d-4f2a-9712-1db566ba3b6d', '2026-02-11 01:07:03'),
('ec325a28-6293-47e8-9576-d60154874189', '600f9b09-6922-4b6d-8ac4-32d909a9441d', '72567089-d6e1-4233-9419-c3036ea118e5', '2026-02-22', 'complete', '294a4063-59d9-4609-a29a-84645a9b926a', '2026-02-22 20:12:08'),
('ecc12fec-f08d-4bb1-8921-2853574923b1', '52789d9c-e195-4207-82d6-8f6f7fdd8a5b', 'ff335f79-c56c-4b00-85eb-2d0bd7ebb96a', '2026-02-19', 'assigned', 'c07b47fc-7e09-4800-977d-a1ebf82034cc', '2026-02-22 20:12:07'),
('ed8a7e35-be2c-43f9-81f3-1f058ad6f21b', '709f021f-ac68-4c01-a3c6-98b6368fae25', '20205e50-a82b-419a-8e58-6258dab23c6e', '2026-02-18', 'assigned', '4ff82206-eefc-49c2-8bfe-278c9305cbcd', '2026-02-22 20:12:08'),
('ef25f5e5-e21f-49f6-b3fd-3768de79c16a', '709f021f-ac68-4c01-a3c6-98b6368fae25', '20205e50-a82b-419a-8e58-6258dab23c6e', '2026-02-21', 'assigned', '4ff82206-eefc-49c2-8bfe-278c9305cbcd', '2026-02-22 20:12:08'),
('f0daff51-d736-4c83-8f1d-b659a3c369fe', '57b63a08-8c87-4a94-a02c-07d3c71f5ca4', '4ef5b1b4-8204-4f05-bd27-3792bdf47023', '2026-02-22', 'complete', 'c2f8e805-c841-4fd9-9a23-ce42c9d09e96', '2026-02-22 23:53:55'),
('f1a6da7e-74d1-4346-8815-63d75e7d0ff3', '52789d9c-e195-4207-82d6-8f6f7fdd8a5b', '16861a25-febe-4773-b31b-3a83ca7feeeb', '2026-02-17', 'incomplete', 'c07b47fc-7e09-4800-977d-a1ebf82034cc', '2026-02-22 20:12:07'),
('f1cd5cef-cf48-482e-9c84-154193696e4b', 'bd8184d2-29cf-4093-8ecc-87513ce59f93', '9cbafabd-3903-4440-a0c9-abfca029d9fd', '2026-02-19', 'incomplete', 'c07b47fc-7e09-4800-977d-a1ebf82034cc', '2026-02-22 20:12:07'),
('f2a6158b-2a1f-46d0-83d6-b724fc5dcf9f', 'bd8184d2-29cf-4093-8ecc-87513ce59f93', '9cbafabd-3903-4440-a0c9-abfca029d9fd', '2026-02-18', 'submitted', 'c07b47fc-7e09-4800-977d-a1ebf82034cc', '2026-02-22 20:12:07'),
('f2c9bca6-9d91-405c-a018-2f2b2122262a', '89d2f542-171d-4ee9-9a6d-d9189c77cf35', '44f626ec-ebfc-4b12-9797-e8699ea6d76a', '2026-02-18', 'incomplete', '4ff82206-eefc-49c2-8bfe-278c9305cbcd', '2026-02-22 20:12:07'),
('f40043fa-e04c-4855-b6b1-4369f986f94c', '89d2f542-171d-4ee9-9a6d-d9189c77cf35', 'f9136216-36f6-464d-a55e-446f28f9d03e', '2026-02-17', 'assigned', '4ff82206-eefc-49c2-8bfe-278c9305cbcd', '2026-02-22 20:12:07'),
('f5332653-e62e-4592-9c1c-b4b8153570f4', '89d2f542-171d-4ee9-9a6d-d9189c77cf35', 'f9136216-36f6-464d-a55e-446f28f9d03e', '2026-02-18', 'complete', '4ff82206-eefc-49c2-8bfe-278c9305cbcd', '2026-02-22 20:12:07'),
('f601b8c4-3b99-446a-8cd0-b57e03d64140', '53a357f5-b4e2-45be-ae9b-fd7242889538', 'a1c17a63-b7a5-40c8-8bdc-e73c2d016a65', '2026-02-18', 'assigned', '3265a96e-c49d-4f2a-9712-1db566ba3b6d', '2026-02-18 23:18:01'),
('f69ebc20-c5ff-4174-8bf4-512675a4fb6e', '53a357f5-b4e2-45be-ae9b-fd7242889538', 'c43121bc-80cc-49f7-a6b2-009e7768d404', '2026-01-28', 'complete', '3265a96e-c49d-4f2a-9712-1db566ba3b6d', '2026-01-28 16:42:30'),
('f743855d-746a-4628-986b-ceef6f4e74e5', '709f021f-ac68-4c01-a3c6-98b6368fae25', '20205e50-a82b-419a-8e58-6258dab23c6e', '2026-02-20', 'incomplete', '4ff82206-eefc-49c2-8bfe-278c9305cbcd', '2026-02-22 20:12:08'),
('f849e4fe-6d96-42d1-a6e1-9f1916532f14', 'a0f3b228-35be-467c-a394-1400a53945a0', 'c2681458-1589-4fe2-9710-169049e18935', '2026-02-14', 'assigned', '06bd21fd-5a5d-4639-8d74-34d162a1232a', '2026-02-22 20:12:06'),
('f8daffb7-d7d5-4c49-b712-7296a8c1b574', '709f021f-ac68-4c01-a3c6-98b6368fae25', 'f9136216-36f6-464d-a55e-446f28f9d03e', '2026-02-16', 'incomplete', '4ff82206-eefc-49c2-8bfe-278c9305cbcd', '2026-02-22 20:12:08'),
('f961905f-54fa-42c2-ac21-e30c6353f34a', '709f021f-ac68-4c01-a3c6-98b6368fae25', '20205e50-a82b-419a-8e58-6258dab23c6e', '2026-02-22', 'complete', '4ff82206-eefc-49c2-8bfe-278c9305cbcd', '2026-02-22 20:12:08'),
('f9a42910-faa0-45d3-95b8-e3b68c212df0', '89d2f542-171d-4ee9-9a6d-d9189c77cf35', 'f9136216-36f6-464d-a55e-446f28f9d03e', '2026-02-21', 'assigned', '4ff82206-eefc-49c2-8bfe-278c9305cbcd', '2026-02-22 20:12:07'),
('fa404806-d237-44e8-8e3c-3559541aa3b8', 'a0f3b228-35be-467c-a394-1400a53945a0', '7dffaaab-0818-4f2c-a9cc-43b7fc9ac0cb', '2026-02-14', 'submitted', '06bd21fd-5a5d-4639-8d74-34d162a1232a', '2026-02-22 20:12:06'),
('fa7cbccc-a02b-4830-a730-7606d3316d8d', 'faba9c3a-667b-44d0-84d3-5e24ac3e417a', 'a456e33b-ebb9-4910-8b51-6eaae438e007', '2026-02-15', 'assigned', '294a4063-59d9-4609-a29a-84645a9b926a', '2026-02-22 20:12:08'),
('fbbd9c94-f27b-47ee-9a1b-4e5a4dbfb0a7', 'faba9c3a-667b-44d0-84d3-5e24ac3e417a', 'a456e33b-ebb9-4910-8b51-6eaae438e007', '2026-02-16', 'complete', '294a4063-59d9-4609-a29a-84645a9b926a', '2026-02-22 20:12:08'),
('fbd1fc62-b7c3-4fe9-a22b-cc3c22ac12c5', 'faba9c3a-667b-44d0-84d3-5e24ac3e417a', '0a41243d-e120-4424-aa5e-12936d9c9b82', '2026-02-15', 'incomplete', '294a4063-59d9-4609-a29a-84645a9b926a', '2026-02-22 20:12:08'),
('fc88b777-390c-43e3-a5c4-e2facf9b2e01', '600f9b09-6922-4b6d-8ac4-32d909a9441d', '0a41243d-e120-4424-aa5e-12936d9c9b82', '2026-02-13', 'assigned', '294a4063-59d9-4609-a29a-84645a9b926a', '2026-02-22 20:12:08'),
('fdd20af8-f5d3-4b68-9e4b-ad66f35fd81f', '709f021f-ac68-4c01-a3c6-98b6368fae25', 'f9136216-36f6-464d-a55e-446f28f9d03e', '2026-02-22', 'submitted', '4ff82206-eefc-49c2-8bfe-278c9305cbcd', '2026-02-22 20:12:08'),
('fe04665a-3901-4134-ab58-13834dd2e7e2', 'a0f3b228-35be-467c-a394-1400a53945a0', '7dffaaab-0818-4f2c-a9cc-43b7fc9ac0cb', '2026-02-21', 'submitted', '06bd21fd-5a5d-4639-8d74-34d162a1232a', '2026-02-22 20:12:06'),
('fe412601-6034-4beb-9082-12c9a278bbee', '89d2f542-171d-4ee9-9a6d-d9189c77cf35', '20205e50-a82b-419a-8e58-6258dab23c6e', '2026-02-14', 'assigned', '4ff82206-eefc-49c2-8bfe-278c9305cbcd', '2026-02-22 20:12:07'),
('fecdccea-1253-4942-ac09-6dabae12d3af', '89d2f542-171d-4ee9-9a6d-d9189c77cf35', 'f9136216-36f6-464d-a55e-446f28f9d03e', '2026-02-16', 'incomplete', '4ff82206-eefc-49c2-8bfe-278c9305cbcd', '2026-02-22 20:12:07'),
('ff740ca5-a2e6-4cd1-8d76-448ee52ce264', '933844a1-c837-4a09-862a-800d538d67c1', 'c2681458-1589-4fe2-9710-169049e18935', '2026-02-22', 'complete', '06bd21fd-5a5d-4639-8d74-34d162a1232a', '2026-02-22 20:12:07');

-- --------------------------------------------------------

--
-- Table structure for table `families`
--

CREATE TABLE `families` (
  `id` char(36) NOT NULL,
  `name` varchar(100) NOT NULL DEFAULT '',
  `family_code` char(4) NOT NULL DEFAULT '',
  `created_at` datetime NOT NULL DEFAULT current_timestamp()
) ENGINE=InnoDB DEFAULT CHARSET=utf8mb4 COLLATE=utf8mb4_unicode_ci COMMENT='家庭表';

--
-- Dumping data for table `families`
--

INSERT INTO `families` (`id`, `name`, `family_code`, `created_at`) VALUES
('09ba9399-ce6f-41f1-9155-58dc34ba954c', 'han family', 'HWFJ', '2026-01-28 01:23:12'),
('5455ad4d-1dce-4f46-90ae-9355e8cbc5cc', 'Aurora Family', 'AR01', '2026-02-12 09:00:00'),
('694f769f-c1fb-498c-9a94-db0502f95e39', 'River Family', 'RV03', '2026-02-10 09:00:00'),
('7fdf1f0f-9ea2-4378-8ea9-adc9575d745b', 'Cedar Family', 'CD04', '2026-02-07 09:00:00'),
('91d388d2-14cb-4367-a414-70fce80e1b55', 'Test Family 01', 'TF01', '2026-02-22 21:22:24'),
('9585c503-dce6-4ba6-943c-206c96436489', 'mscd51', 'MSCD', '2026-02-23 19:27:08'),
('a7c631f8-1f35-4209-9430-71ddd60d9acd', 'Meadow Family', 'MD02', '2026-02-15 09:00:00'),
('f0ea7359-ae92-4bfa-98b5-d9d9b15d2454', 'MSCI51', 'MSCI', '2026-02-20 22:58:23');

-- --------------------------------------------------------

--
-- Table structure for table `mailbox_messages`
--

CREATE TABLE `mailbox_messages` (
  `id` char(36) NOT NULL,
  `user_id` char(36) NOT NULL,
  `type` enum('crystal_earn','crystal_spend','quest_failed','wish_accepted') NOT NULL,
  `amount` int(11) NOT NULL,
  `source_id` char(36) DEFAULT NULL,
  `title` varchar(80) NOT NULL,
  `message` varchar(200) NOT NULL,
  `is_read` tinyint(1) NOT NULL DEFAULT 0,
  `created_at` datetime NOT NULL DEFAULT current_timestamp()
) ENGINE=InnoDB DEFAULT CHARSET=utf8mb4 COLLATE=utf8mb4_unicode_ci;

--
-- Dumping data for table `mailbox_messages`
--

INSERT INTO `mailbox_messages` (`id`, `user_id`, `type`, `amount`, `source_id`, `title`, `message`, `is_read`, `created_at`) VALUES
('007cee34-b07b-4783-8e42-4d44097ada35', '709f021f-ac68-4c01-a3c6-98b6368fae25', 'crystal_earn', 10, 'f961905f-54fa-42c2-ac21-e30c6353f34a', 'Quest Completed', 'You earned 10 crystals from \"Word Practice\".', 0, '2026-02-22 20:12:06'),
('041ae9ea-6259-4b4b-935c-9f1408b6305d', '53a357f5-b4e2-45be-ae9b-fd7242889538', 'crystal_spend', 10, 'be00e383-0cd7-4c89-9609-c564c3a9808e', 'Reward Purchased', 'You spent 10 crystals on \"toy\".', 0, '2026-02-08 01:56:30'),
('04b288d5-ae84-47e9-8ec8-2ddba9ee3d1e', 'a0f3b228-35be-467c-a394-1400a53945a0', 'crystal_earn', 12, 'c8eea530-3223-4603-9837-353b7c464921', 'Quest Completed', 'You earned 12 crystals from \"Morning Reading\".', 0, '2026-02-16 20:12:06'),
('050e5a29-a6d1-47da-80d2-461d6eed3eff', '53a357f5-b4e2-45be-ae9b-fd7242889538', 'crystal_spend', 50, 'ada784e1-8ee1-49cb-9b4c-986dfe26cc67', 'Reward Purchased', 'You spent 50 crystals on \"screen time\".', 1, '2026-02-06 04:25:52'),
('059c81b5-1a31-4fe1-823d-dfbf6c6e82b3', '600f9b09-6922-4b6d-8ac4-32d909a9441d', 'quest_failed', 0, '7c53b52e-d623-4ad4-a86d-1c30b4881d70', 'Quest Failed', 'Your quest \"Bedtime Prep\" was marked incomplete.', 0, '2026-02-16 20:12:06'),
('05e1317c-7990-492a-b407-271722b807b6', '3265a96e-c49d-4f2a-9712-1db566ba3b6d', 'wish_accepted', 0, 'c1fa1af5-3886-4e4d-9d2e-05fef7ae6d07', 'Wish Accepted', 'Wish for Boy was accepted on 2026-02-06.', 1, '2026-02-06 05:03:34'),
('075e5f29-0362-4f67-b990-2d67713693f4', 'faba9c3a-667b-44d0-84d3-5e24ac3e417a', 'quest_failed', 0, '056c8342-d1e4-4307-ab8d-26d645730cc7', 'Quest Failed', 'Your quest \"Water Plants\" was marked incomplete.', 0, '2026-02-16 20:12:06'),
('08a88489-fe18-4d1b-874d-6c5f9ec6ae28', '933844a1-c837-4a09-862a-800d538d67c1', 'crystal_earn', 10, '90ae1906-8096-4c17-b93f-c9d49c8073fb', 'Quest Completed', 'You earned 10 crystals from \"Family Workout\".', 0, '2026-02-14 20:12:06'),
('0b118313-8632-42a0-8c46-9ff4ff32e85f', '89d2f542-171d-4ee9-9a6d-d9189c77cf35', 'crystal_earn', 10, '4370f4d3-a6c4-443e-880e-e3d3f58cb691', 'Quest Completed', 'You earned 10 crystals from \"Word Practice\".', 0, '2026-02-22 20:12:06'),
('0b635a76-f6c5-4a54-909d-138462e95011', 'a0f3b228-35be-467c-a394-1400a53945a0', 'crystal_earn', 50, '53597387-6ce4-4464-aa10-0561b8d38477', 'Quest Completed', 'You earned 50 crystals from \"Study 1\".', 0, '2026-02-23 19:25:45'),
('0b9be041-0ecb-4741-8422-6e9d1931cd3c', 'faba9c3a-667b-44d0-84d3-5e24ac3e417a', 'quest_failed', 0, '1d22ba9f-9705-4ad6-9731-6a48dfd20765', 'Quest Failed', 'Your quest \"Water Plants\" was marked incomplete.', 0, '2026-02-13 20:12:06'),
('0d23a943-2baa-416e-806c-58059b3cbf2b', '53a357f5-b4e2-45be-ae9b-fd7242889538', 'crystal_spend', 1, 'be00e383-0cd7-4c89-9609-c564c3a9808e', 'Reward Purchased', 'You spent 1 crystals on \"toy\".', 0, '2026-02-09 00:47:59'),
('0d45f2e3-68b2-4e02-8f63-d3eba32ab1d2', '600f9b09-6922-4b6d-8ac4-32d909a9441d', 'crystal_earn', 8, '0e8b02a8-2bda-413b-abda-3c6fa08f4c7f', 'Quest Completed', 'You earned 8 crystals from \"Notebook Review\".', 0, '2026-02-16 20:12:06'),
('10228da1-04ac-4bf6-af9a-e417d26af158', '52789d9c-e195-4207-82d6-8f6f7fdd8a5b', 'quest_failed', 0, '1dc11b2a-e37a-4ad5-93f8-f1581f985929', 'Quest Failed', 'Your quest \"Math Worksheet\" was marked incomplete.', 0, '2026-02-22 20:12:06'),
('10a181a7-8618-42a8-b4d2-1b28eec2321b', 'faba9c3a-667b-44d0-84d3-5e24ac3e417a', 'quest_failed', 0, '501f0796-a4bd-4388-b572-bd382be1504d', 'Quest Failed', 'Your quest \"Notebook Review\" was marked incomplete.', 0, '2026-02-14 20:12:06'),
('10d0b1c4-4f97-4fe0-91e9-078d37a77f45', 'faba9c3a-667b-44d0-84d3-5e24ac3e417a', 'crystal_earn', 8, 'fbbd9c94-f27b-47ee-9a1b-4e5a4dbfb0a7', 'Quest Completed', 'You earned 8 crystals from \"Notebook Review\".', 0, '2026-02-16 20:12:06'),
('1229cc3d-8307-485d-80e2-ae8f6e592d55', '53a357f5-b4e2-45be-ae9b-fd7242889538', 'crystal_earn', 10, 'a9c2db33-a7a4-42ae-b550-758d5d3344b5', 'Quest Completed', 'You earned 10 crystals from \"clean up\".', 0, '2026-02-17 03:13:11'),
('14024cef-8b2a-4cc1-908a-4558d495e099', 'faba9c3a-667b-44d0-84d3-5e24ac3e417a', 'quest_failed', 0, '44e60cbf-06ed-44ab-8cd5-99b3c7c5b9f7', 'Quest Failed', 'Your quest \"Bedtime Prep\" was marked incomplete.', 0, '2026-02-13 20:12:06'),
('17104413-f52a-4ef3-a272-3e90fd01b065', '53a357f5-b4e2-45be-ae9b-fd7242889538', 'crystal_earn', 70, 'b6806adf-612e-4a94-8146-ffe7359d7f44', 'Quest Completed', 'You earned 70 crystals from \"chrismas decoration\".', 1, '2026-02-04 22:12:29'),
('171e90e4-f6fe-4280-934c-206dd3cb99db', '53a357f5-b4e2-45be-ae9b-fd7242889538', 'crystal_earn', 10, '13fe3e23-2ade-4e63-a022-abea24145643', 'Quest Completed', 'You earned 10 crystals from \"clean up\".', 0, '2026-02-08 01:54:38'),
('180e3d49-0c25-4c23-9402-0bcfd55782a2', 'a0f3b228-35be-467c-a394-1400a53945a0', 'wish_accepted', 0, 'baecd05a-24b3-4a03-ab9d-3fc5eca23dbd', 'Wish Accepted', 'Wish for Luna was accepted on 2026-02-23.', 0, '2026-02-23 19:24:29'),
('18fcef31-b4fb-422b-9d70-11e04331430d', '3265a96e-c49d-4f2a-9712-1db566ba3b6d', 'wish_accepted', 0, '79c7eb57-d2c9-499e-8d4e-8efdcdc2c8b2', 'Wish Accepted', 'Wish for Boy was accepted on 2026-02-06.', 1, '2026-02-06 05:03:41'),
('1935e2a4-c692-4136-80c4-db180f1ee376', '600f9b09-6922-4b6d-8ac4-32d909a9441d', 'crystal_earn', 5, 'aff2b8f2-8fc7-4c99-a445-102284a6c31e', 'Quest Completed', 'You earned 5 crystals from \"Water Plants\".', 0, '2026-02-15 20:12:06'),
('19ede461-3159-4508-a668-b1971d8bdd1b', '57b63a08-8c87-4a94-a02c-07d3c71f5ca4', 'crystal_earn', 99, '47508616-f61f-482c-87c8-424d4712d862', 'Quest Completed', 'You earned 99 crystals from \"Sport test p1\".', 1, '2026-02-23 00:02:07'),
('1a2f4e05-a6eb-4eea-a3ce-8c90120f6dd6', '53a357f5-b4e2-45be-ae9b-fd7242889538', 'crystal_earn', 6, 'e1b0e064-9c35-4f29-989b-9ddde43f13c8', 'Quest Completed', 'You earned 6 crystals from \"45\".', 0, '2026-02-18 23:25:23'),
('1b3993ac-4bd1-4a50-8c62-e2a7797347a1', '933844a1-c837-4a09-862a-800d538d67c1', 'crystal_earn', 15, 'bebb5910-0b97-477c-9223-66c83c27619e', 'Quest Completed', 'You earned 15 crystals from \"Tidy Bedroom\".', 0, '2026-02-13 20:12:06'),
('1b8b96da-d3de-44ce-9b4c-b7270cbce4e9', '53a357f5-b4e2-45be-ae9b-fd7242889538', 'crystal_earn', 100, 'c2e9cf66-0516-4c33-8a08-9f389cd44417', 'Quest Completed', 'You earned 100 crystals from \"dish\".', 0, '2026-02-08 01:54:44'),
('1cb2ec48-58f9-4dde-ac09-fd307b73fa7b', '89d2f542-171d-4ee9-9a6d-d9189c77cf35', 'quest_failed', 0, '56224390-dafe-4bb1-9f27-5f514efc055c', 'Quest Failed', 'Your quest \"Word Practice\" was marked incomplete.', 0, '2026-02-16 20:12:06'),
('1cdeb2ac-ab10-4bd8-9faf-422126d9902a', '709f021f-ac68-4c01-a3c6-98b6368fae25', 'quest_failed', 0, '80ef281a-038c-43ac-a368-7a2224deb732', 'Quest Failed', 'Your quest \"Stretch Routine\" was marked incomplete.', 0, '2026-02-21 20:12:06'),
('1d576adc-b47e-4b5b-a6b1-7926d25f6676', '52789d9c-e195-4207-82d6-8f6f7fdd8a5b', 'crystal_earn', 7, '857474f2-aa46-40ff-90f2-9b7739fc9b40', 'Quest Completed', 'You earned 7 crystals from \"Walk Outside\".', 0, '2026-02-19 20:12:06'),
('1d676e5d-85b6-47e8-86cc-c6fbe441140d', 'bd8184d2-29cf-4093-8ecc-87513ce59f93', 'crystal_earn', 9, '53bc4c87-675f-4da4-90e4-d2e2f1f40e74', 'Quest Completed', 'You earned 9 crystals from \"Dish Duty\".', 0, '2026-02-20 20:12:06'),
('1ed05d17-f1b1-4589-bb2e-7305c13a48f3', 'a0f3b228-35be-467c-a394-1400a53945a0', 'wish_accepted', 0, '45e5b108-60b2-410f-96de-307f5f0990f9', 'Wish Accepted', 'Wish for Luna was accepted on 2026-02-23.', 0, '2026-02-23 19:24:47'),
('1fb334f1-93c3-46ce-ada1-4f213e4985ba', '89d2f542-171d-4ee9-9a6d-d9189c77cf35', 'quest_failed', 0, '926a719c-f004-4f04-8597-1702e3e83920', 'Quest Failed', 'Your quest \"Stretch Routine\" was marked incomplete.', 0, '2026-02-21 20:12:06'),
('20deca7a-986a-47e2-8fa8-d2da433ce17c', '53a357f5-b4e2-45be-ae9b-fd7242889538', '', 0, '231ba0d7-acdf-42d4-a7b0-6d9987b65926', 'Quest Failed', 'Your quest \"s3\" was marked incomplete.', 1, '2026-02-04 22:25:16'),
('2118a5a9-7295-4cbd-b9d3-be4e3ce825e6', '53a357f5-b4e2-45be-ae9b-fd7242889538', 'wish_accepted', 0, '354a58d9-8678-4af4-89bf-4c710b875b59', 'Wish Accepted', 'Wish for Boy was accepted on 2026-02-11.', 0, '2026-02-11 02:03:37'),
('220e557e-e383-4845-b5d8-98a2f7cb8e98', '709f021f-ac68-4c01-a3c6-98b6368fae25', 'quest_failed', 0, '1ebd7036-64af-4118-8cb6-da8d73ca3254', 'Quest Failed', 'Your quest \"Stretch Routine\" was marked incomplete.', 0, '2026-02-18 20:12:06'),
('23e929c4-0d2d-4f2f-9d61-8c29803addc3', 'a0f3b228-35be-467c-a394-1400a53945a0', 'quest_failed', 0, '8291d662-b635-4809-85a1-7f344c3c13ab', 'Quest Failed', 'Your quest \"Family Workout\" was marked incomplete.', 0, '2026-02-17 20:12:06'),
('257e0c92-5ca2-47c7-9331-1e3b6dd38ab3', 'bd8184d2-29cf-4093-8ecc-87513ce59f93', 'quest_failed', 0, 'b2fb3cf5-a76e-420b-9e69-375481d6d412', 'Quest Failed', 'Your quest \"Math Worksheet\" was marked incomplete.', 0, '2026-02-22 20:12:06'),
('25bdcdcc-886b-4e75-bf1a-66dd817883e0', '933844a1-c837-4a09-862a-800d538d67c1', 'quest_failed', 0, '3d469562-27ab-4a50-8695-a89d650a9bd0', 'Quest Failed', 'Your quest \"Family Workout\" was marked incomplete.', 0, '2026-02-17 20:12:06'),
('261a0355-4553-487a-832a-777f60dff00b', '933844a1-c837-4a09-862a-800d538d67c1', 'crystal_earn', 15, 'c4d9f077-4d0b-47a0-83b8-9b57a57507f2', 'Quest Completed', 'You earned 15 crystals from \"Tidy Bedroom\".', 0, '2026-02-15 20:12:06'),
('26cdb8c1-c176-4259-8b4d-d34b2c5d5390', '89d2f542-171d-4ee9-9a6d-d9189c77cf35', 'quest_failed', 0, '56cf5f40-135a-496d-8add-cb761737ee92', 'Quest Failed', 'Your quest \"Read Story\" was marked incomplete.', 0, '2026-02-19 20:12:06'),
('26e636a6-e974-46da-adca-5fb9683f87c3', 'bd8184d2-29cf-4093-8ecc-87513ce59f93', 'crystal_spend', 14, 'ed7f066f-0889-4476-9daf-a4d5d868f000', 'Reward Purchased', 'You spent 14 crystals on \"Cartoon Time\".', 0, '2026-02-22 20:12:07'),
('26f48a6b-157f-4527-9320-46cc0c6008fe', '57b63a08-8c87-4a94-a02c-07d3c71f5ca4', 'crystal_spend', 3, '2b7396e5-58cb-4726-b3f6-accbf3347b63', 'Reward Purchased', 'You spent 3 crystals on \"r3\".', 1, '2026-02-23 00:03:34'),
('27e9de33-a5c9-4bff-98eb-4c2cccc38033', '52789d9c-e195-4207-82d6-8f6f7fdd8a5b', 'quest_failed', 0, '7859a35d-de29-4c85-ace5-8bbcef346b03', 'Quest Failed', 'Your quest \"Dish Duty\" was marked incomplete.', 0, '2026-02-18 20:12:06'),
('29b8f2ca-9238-43ff-a83e-ff2b3cce89c6', '53a357f5-b4e2-45be-ae9b-fd7242889538', 'crystal_spend', 10, 'be00e383-0cd7-4c89-9609-c564c3a9808e', 'Reward Purchased', 'You spent 10 crystals on \"toy\".', 0, '2026-02-08 01:56:28'),
('2a6a27ad-5e1e-434b-b14d-b3acdf19ab46', '53a357f5-b4e2-45be-ae9b-fd7242889538', 'crystal_spend', 10, 'be00e383-0cd7-4c89-9609-c564c3a9808e', 'Reward Purchased', 'You spent 10 crystals on \"toy\".', 0, '2026-02-09 00:34:44'),
('2b035488-c258-4066-9023-60311338e20a', '53a357f5-b4e2-45be-ae9b-fd7242889538', 'quest_failed', 0, 'ebf8ab0d-ae36-438c-b71a-730cd581a68d', 'Quest Failed', 'Your quest \"test\" was marked incomplete.', 0, '2026-02-12 01:51:07'),
('2b80c68a-b54e-408b-ada3-bf4eccdf8b17', '52789d9c-e195-4207-82d6-8f6f7fdd8a5b', 'quest_failed', 0, '92723765-6967-4c3c-9d98-aab524323b77', 'Quest Failed', 'Your quest \"Math Worksheet\" was marked incomplete.', 0, '2026-02-19 20:12:06'),
('2b8d6cf1-10e4-4e59-83b3-06d20bfaaf9b', '3265a96e-c49d-4f2a-9712-1db566ba3b6d', 'wish_accepted', 0, '9767da43-de98-44fb-a03d-92e440f563ba', 'Wish Accepted', 'Wish for Boy was accepted on 2026-02-06.', 1, '2026-02-06 04:53:11'),
('2d847a85-2243-4470-9048-5ee60eae4b28', 'a0f3b228-35be-467c-a394-1400a53945a0', 'crystal_earn', 15, '696c4cd7-729e-4479-8cac-588dceccb4ff', 'Quest Completed', 'You earned 15 crystals from \"Tidy Bedroom\".', 0, '2026-02-22 20:12:06'),
('2ef5c453-286c-4a1e-8836-12be97c102d3', 'a0f3b228-35be-467c-a394-1400a53945a0', 'crystal_spend', 18, '8e04f647-02c4-4df5-a09c-4c6667ca99ec', 'Reward Purchased', 'You spent 18 crystals on \"Movie Night\".', 0, '2026-02-22 20:12:06'),
('2f764e63-a5db-4eab-9796-1de6aaa3acfe', '89d2f542-171d-4ee9-9a6d-d9189c77cf35', 'crystal_earn', 10, 'e40fdab0-fe8c-4a6b-94a7-0565db97971b', 'Quest Completed', 'You earned 10 crystals from \"Word Practice\".', 0, '2026-02-15 20:12:06'),
('2fa51032-15c5-4ad8-a221-ade3731731ad', 'bd8184d2-29cf-4093-8ecc-87513ce59f93', 'quest_failed', 0, 'a1124481-575d-4452-bbbc-e9267b223ea0', 'Quest Failed', 'Your quest \"Dish Duty\" was marked incomplete.', 0, '2026-02-22 20:12:06'),
('2fb05f6e-0025-4d4d-a1f9-e6d01bb6ddde', '933844a1-c837-4a09-862a-800d538d67c1', 'crystal_earn', 12, '8eeded84-bf2d-4d50-950e-971f68af1299', 'Quest Completed', 'You earned 12 crystals from \"Morning Reading\".', 0, '2026-02-16 20:12:06'),
('35698185-08a6-4c1d-8063-19747e1db6a9', '600f9b09-6922-4b6d-8ac4-32d909a9441d', 'quest_failed', 0, 'e0a3a310-6079-4005-9eea-1b45e0ceef04', 'Quest Failed', 'Your quest \"Notebook Review\" was marked incomplete.', 0, '2026-02-17 20:12:06'),
('35ca7b49-2221-4ab9-8a1a-8f4af13aa35e', 'bd8184d2-29cf-4093-8ecc-87513ce59f93', 'quest_failed', 0, '4212dff4-c5d4-45a3-afe8-ed534cc7eb2d', 'Quest Failed', 'Your quest \"Walk Outside\" was marked incomplete.', 0, '2026-02-20 20:12:06'),
('36510d46-caa8-4752-b4b1-70a373c32335', '600f9b09-6922-4b6d-8ac4-32d909a9441d', 'quest_failed', 0, '8259cd6a-1215-493b-8a4c-caf155150ee7', 'Quest Failed', 'Your quest \"Room Sweep\" was marked incomplete.', 0, '2026-02-18 20:12:06'),
('3822e650-e5e2-426b-9744-4d927e19cd1b', '53a357f5-b4e2-45be-ae9b-fd7242889538', 'crystal_spend', 50, 'ada784e1-8ee1-49cb-9b4c-986dfe26cc67', 'Reward Purchased', 'You spent 50 crystals on \"screen time\".', 0, '2026-02-08 01:56:35'),
('384cf2f9-11a9-4ba6-a591-17f42bbf0df7', '89d2f542-171d-4ee9-9a6d-d9189c77cf35', 'crystal_earn', 9, 'f5332653-e62e-4592-9c1c-b4b8153570f4', 'Quest Completed', 'You earned 9 crystals from \"Read Story\".', 0, '2026-02-18 20:12:06'),
('38dadc55-ab76-495e-ab95-5101239d6a5b', '709f021f-ac68-4c01-a3c6-98b6368fae25', 'quest_failed', 0, '3e09fbe6-12e6-4b4c-bb47-05ddd2b1c230', 'Quest Failed', 'Your quest \"Set Table\" was marked incomplete.', 0, '2026-02-15 20:12:06'),
('398758c1-2c78-4a49-ba48-baaaddf9e7bd', '933844a1-c837-4a09-862a-800d538d67c1', 'quest_failed', 0, '4a18f1c2-07bb-4513-b72d-a171629159ea', 'Quest Failed', 'Your quest \"Morning Reading\" was marked incomplete.', 0, '2026-02-19 20:12:06'),
('3a95b97f-990e-4e50-87c9-9c7f6ebe6f4a', '53a357f5-b4e2-45be-ae9b-fd7242889538', 'wish_accepted', 0, '79c7eb57-d2c9-499e-8d4e-8efdcdc2c8b2', 'Wish Accepted', 'Wish for Boy was accepted on 2026-02-06.', 0, '2026-02-06 05:03:41'),
('3b4a7f79-1950-4306-a9bb-b03d3cd10f13', 'a0f3b228-35be-467c-a394-1400a53945a0', 'crystal_earn', 12, '0337a229-3cca-4b96-afeb-4fc2670ad129', 'Quest Completed', 'You earned 12 crystals from \"Morning Reading\".', 0, '2026-02-20 20:12:06'),
('3c9fce95-0cc9-497c-9d5e-4f05ca197072', '53a357f5-b4e2-45be-ae9b-fd7242889538', 'crystal_earn', 100, 'e902d0c8-8022-4500-a080-6fa5d4cda67e', 'Quest Completed', 'You earned 100 crystals from \"s2\".', 0, '2026-02-17 03:13:17'),
('3cb333e4-d4b1-4e85-b58f-c6604e3e04ee', '53a357f5-b4e2-45be-ae9b-fd7242889538', 'crystal_spend', 1, 'be00e383-0cd7-4c89-9609-c564c3a9808e', 'Reward Purchased', 'You spent 1 crystals on \"toy\".', 0, '2026-02-10 01:37:34'),
('3e46a701-a56e-402e-8771-3758f807a563', '933844a1-c837-4a09-862a-800d538d67c1', 'crystal_earn', 8, '88ba7b2b-cb69-4629-a82d-f406057c82e4', 'Quest Completed', 'You earned 8 crystals from \"Practice Piano\".', 0, '2026-02-13 20:12:06'),
('40b1c33e-e6d3-4aa6-ae34-3f7dee17d0ee', '709f021f-ac68-4c01-a3c6-98b6368fae25', 'quest_failed', 0, '70ba6cb3-2b8a-4c5a-ab71-152847ca175b', 'Quest Failed', 'Your quest \"Read Story\" was marked incomplete.', 0, '2026-02-20 20:12:06'),
('40f47020-fc85-45f9-ae60-c381ba67e16a', '52789d9c-e195-4207-82d6-8f6f7fdd8a5b', 'quest_failed', 0, '287f0ef3-8533-4dda-a308-54ca4b9d7292', 'Quest Failed', 'Your quest \"Journal Entry\" was marked incomplete.', 0, '2026-02-19 20:12:06'),
('42d7069d-3394-45f7-883c-cd9b7d34048b', '3265a96e-c49d-4f2a-9712-1db566ba3b6d', 'wish_accepted', 0, '52059eb3-3957-4161-9039-fc5a0c552b6b', 'Wish Accepted', 'Wish for Boy was accepted on 2026-02-06.', 1, '2026-02-06 04:55:02'),
('43757653-b2e5-43fe-a41c-d9299986c82f', 'a0f3b228-35be-467c-a394-1400a53945a0', 'crystal_earn', 8, '3ae93473-183c-42bf-a328-188f5c0af34f', 'Quest Completed', 'You earned 8 crystals from \"Practice Piano\".', 0, '2026-02-17 20:12:06'),
('44746757-0db4-462c-bf76-ae32e14a54ee', '89d2f542-171d-4ee9-9a6d-d9189c77cf35', 'quest_failed', 0, 'b67897ae-33db-4ab7-b9ae-a08c71d6369f', 'Quest Failed', 'Your quest \"Word Practice\" was marked incomplete.', 0, '2026-02-17 20:12:06'),
('44fabcd1-0eca-47c1-97f7-7bf9145e279a', '933844a1-c837-4a09-862a-800d538d67c1', 'quest_failed', 0, 'b17df44a-a109-432c-a3ef-2ce106d50d6d', 'Quest Failed', 'Your quest \"Tidy Bedroom\" was marked incomplete.', 0, '2026-02-18 20:12:06'),
('4524ba37-623b-4fef-a979-598aa5bf982b', '600f9b09-6922-4b6d-8ac4-32d909a9441d', 'quest_failed', 0, 'e50004d3-c0f8-4d1b-b846-2ef1d23e3db3', 'Quest Failed', 'Your quest \"Bedtime Prep\" was marked incomplete.', 0, '2026-02-19 20:12:06'),
('4912bc6d-9742-4acb-9968-ce397daa3dc9', 'faba9c3a-667b-44d0-84d3-5e24ac3e417a', 'quest_failed', 0, 'aca64706-0277-4da7-aaa2-266ade0bfdb5', 'Quest Failed', 'Your quest \"Water Plants\" was marked incomplete.', 0, '2026-02-17 20:12:06'),
('49cfa0b6-0a2d-403d-96dc-631d1396f147', '600f9b09-6922-4b6d-8ac4-32d909a9441d', 'quest_failed', 0, '37a189fb-3567-4df3-a238-ddf45e6d9ed1', 'Quest Failed', 'Your quest \"Bedtime Prep\" was marked incomplete.', 0, '2026-02-20 20:12:06'),
('49dc9436-8741-4458-9d79-0bd5dcfcb1f3', '933844a1-c837-4a09-862a-800d538d67c1', 'crystal_earn', 15, 'a62802b3-dfaa-4193-ae17-ecd60289f419', 'Quest Completed', 'You earned 15 crystals from \"Tidy Bedroom\".', 0, '2026-02-17 20:12:06'),
('4a3cabd0-e601-4162-afe8-47b6cfdd3754', 'faba9c3a-667b-44d0-84d3-5e24ac3e417a', 'quest_failed', 0, '7696db0c-1c6f-4687-a6e5-9e763f0eb8e4', 'Quest Failed', 'Your quest \"Room Sweep\" was marked incomplete.', 0, '2026-02-19 20:12:06'),
('4af5521c-32eb-48ab-bffd-c6b7c8285872', 'bd8184d2-29cf-4093-8ecc-87513ce59f93', 'quest_failed', 0, '7a22fd76-70fd-4782-92b3-ecfa72f8b20a', 'Quest Failed', 'Your quest \"Walk Outside\" was marked incomplete.', 0, '2026-02-21 20:12:06'),
('4ca5fd72-9510-488d-ad06-639d8bb235e9', '52789d9c-e195-4207-82d6-8f6f7fdd8a5b', 'quest_failed', 0, '420703a2-2e77-479a-855e-c73465ab2243', 'Quest Failed', 'Your quest \"Dish Duty\" was marked incomplete.', 0, '2026-02-21 20:12:06'),
('4d9d9eaf-3c8b-460f-bf37-b05e1279a7be', 'bd8184d2-29cf-4093-8ecc-87513ce59f93', 'quest_failed', 0, '60ce2b09-9608-404d-acb6-851d7c589447', 'Quest Failed', 'Your quest \"Walk Outside\" was marked incomplete.', 0, '2026-02-17 20:12:06'),
('4e0eadcf-9d5c-4bf1-881e-5228e3cf039f', '52789d9c-e195-4207-82d6-8f6f7fdd8a5b', 'quest_failed', 0, '1770af9d-879b-4408-80f3-f51b25554d23', 'Quest Failed', 'Your quest \"Dish Duty\" was marked incomplete.', 0, '2026-02-22 20:12:06'),
('4e841cf3-8cd2-4f42-8e89-327e78dde138', 'a0f3b228-35be-467c-a394-1400a53945a0', 'crystal_earn', 15, '288eac2f-a61b-4e08-946b-b39a6c4bf9cd', 'Quest Completed', 'You earned 15 crystals from \"Tidy Bedroom\".', 0, '2026-02-23 19:29:49'),
('50665941-b6fb-4a0a-8d05-4dd4e3fdfb48', 'a0f3b228-35be-467c-a394-1400a53945a0', 'crystal_earn', 15, '80ead4c2-e2c8-4b9b-a8e4-c32fbe861338', 'Quest Completed', 'You earned 15 crystals from \"Tidy Bedroom\".', 0, '2026-02-15 20:12:06'),
('50d025f6-b5c4-495a-b0ab-ae8313688639', 'a0f3b228-35be-467c-a394-1400a53945a0', 'crystal_earn', 15, '6cd5b01a-dfcf-4f54-ab54-14bab5a6604d', 'Quest Completed', 'You earned 15 crystals from \"Tidy Bedroom\".', 0, '2026-02-19 20:12:06'),
('5218ec95-c9db-4641-9545-e2f071a00846', '53a357f5-b4e2-45be-ae9b-fd7242889538', 'crystal_spend', 50, 'ada784e1-8ee1-49cb-9b4c-986dfe26cc67', 'Reward Purchased', 'You spent 50 crystals on \"screen time\".', 0, '2026-02-08 01:56:32'),
('53a37e11-ba34-4b25-a3d2-3bebd20943ec', '3265a96e-c49d-4f2a-9712-1db566ba3b6d', 'wish_accepted', 0, '59089bfd-0552-4378-a57f-4c65a07fda3d', 'Wish Accepted', 'Wish for Boy was accepted on 2026-02-10.', 0, '2026-02-10 01:58:31'),
('56394633-ac54-4657-ba7e-20a28a277638', '600f9b09-6922-4b6d-8ac4-32d909a9441d', 'crystal_spend', 11, '5628e729-1da1-4fc2-acd1-1233e1ab9fdd', 'Reward Purchased', 'You spent 11 crystals on \"Drawing Pack\".', 0, '2026-02-22 20:12:08'),
('566c013f-4569-4643-a2dc-b283ba95b058', '57b63a08-8c87-4a94-a02c-07d3c71f5ca4', 'crystal_spend', 1, 'def0e80a-915a-4c91-9976-4ce8082a653a', 'Reward Purchased', 'You spent 1 crystals on \"r1\".', 1, '2026-02-23 00:03:44'),
('5695df96-7e11-4dd8-bee1-4f2765d32554', '709f021f-ac68-4c01-a3c6-98b6368fae25', 'crystal_spend', 13, 'e563f101-e912-42d5-b8de-a3c1eabdbf02', 'Reward Purchased', 'You spent 13 crystals on \"Music Time\".', 0, '2026-02-22 20:12:08'),
('57a44a7e-a102-492e-a302-b79916826820', 'a0f3b228-35be-467c-a394-1400a53945a0', 'crystal_earn', 8, '3973b426-d38d-4e06-8c0b-4fdaa9047edd', 'Quest Completed', 'You earned 8 crystals from \"Practice Piano\".', 0, '2026-02-15 20:12:06'),
('58dfd311-b31b-4a9d-9c12-f1d6de130c68', '709f021f-ac68-4c01-a3c6-98b6368fae25', 'crystal_earn', 8, 'cc10b7ec-9329-40d9-b070-976b9e9eb640', 'Quest Completed', 'You earned 8 crystals from \"Set Table\".', 0, '2026-02-17 20:12:06'),
('58ec98b0-1a23-4dcc-9a77-a501d6f16cd4', '53a357f5-b4e2-45be-ae9b-fd7242889538', 'wish_accepted', 0, '9767da43-de98-44fb-a03d-92e440f563ba', 'Wish Accepted', 'Wish for Boy was accepted on 2026-02-06.', 0, '2026-02-06 04:53:11'),
('59acee0f-be77-4db4-879d-12b30215addf', '06bd21fd-5a5d-4639-8d74-34d162a1232a', 'wish_accepted', 0, 'baecd05a-24b3-4a03-ab9d-3fc5eca23dbd', 'Wish Accepted', 'Wish for Luna was accepted on 2026-02-23.', 0, '2026-02-23 19:24:29'),
('59f638be-a596-4f11-97f3-d8422324438c', 'faba9c3a-667b-44d0-84d3-5e24ac3e417a', 'quest_failed', 0, 'a99b7900-4bb1-4d5a-9b6b-334c12ef1ece', 'Quest Failed', 'Your quest \"Notebook Review\" was marked incomplete.', 0, '2026-02-21 20:12:06'),
('5b06e932-6494-4a30-9c70-bf7dd475ea96', '52789d9c-e195-4207-82d6-8f6f7fdd8a5b', 'quest_failed', 0, '6a9cbc7b-df2d-4209-850a-9069113b2191', 'Quest Failed', 'Your quest \"Journal Entry\" was marked incomplete.', 0, '2026-02-20 20:12:06'),
('5bc61529-0f7b-4590-bdf9-cdfb4544e4e3', '933844a1-c837-4a09-862a-800d538d67c1', 'crystal_earn', 8, '9e167175-75df-4ae2-8006-18029cb55928', 'Quest Completed', 'You earned 8 crystals from \"Practice Piano\".', 0, '2026-02-17 20:12:06'),
('5d0b044b-6835-4d5e-baf4-c9474744d38e', 'a0f3b228-35be-467c-a394-1400a53945a0', 'wish_accepted', 0, '769a924b-5867-4f24-8f2b-aac3aeae73b5', 'Wish Accepted', 'Wish for Luna was accepted on 2026-02-23.', 0, '2026-02-23 19:24:49'),
('5dad27de-abe1-4208-a5fc-c86f3c8b90d8', 'faba9c3a-667b-44d0-84d3-5e24ac3e417a', 'quest_failed', 0, 'adafa3d0-2261-4c3d-b043-799ff8d2f083', 'Quest Failed', 'Your quest \"Room Sweep\" was marked incomplete.', 0, '2026-02-22 20:12:06'),
('5de8b8f8-4458-4cbd-904a-492e424a6827', '933844a1-c837-4a09-862a-800d538d67c1', 'crystal_earn', 8, 'b2af1c91-e988-4bb7-a851-736c657ec210', 'Quest Completed', 'You earned 8 crystals from \"Practice Piano\".', 0, '2026-02-15 20:12:06'),
('60ac9a15-fe11-429e-a3ad-8c71a6cf1c62', '57b63a08-8c87-4a94-a02c-07d3c71f5ca4', 'crystal_spend', 1, 'def0e80a-915a-4c91-9976-4ce8082a653a', 'Reward Purchased', 'You spent 1 crystals on \"r1\".', 1, '2026-02-23 00:01:55'),
('60b2e36e-68e3-483d-b32c-9f8ff7d88f5c', '89d2f542-171d-4ee9-9a6d-d9189c77cf35', 'quest_failed', 0, 'ca0a728a-0e08-46b6-b843-1ecd77ba326e', 'Quest Failed', 'Your quest \"Word Practice\" was marked incomplete.', 0, '2026-02-20 20:12:06'),
('638d0ced-41d1-40f4-a715-ee33ac62b3b1', '57b63a08-8c87-4a94-a02c-07d3c71f5ca4', 'crystal_earn', 1, 'ebf138f7-210f-4410-9067-85529226361d', 'Quest Completed', 'You earned 1 crystals from \"Study test 1\".', 1, '2026-02-23 00:01:32'),
('6422aa55-ba7c-409a-b3b1-f2358eda454e', '53a357f5-b4e2-45be-ae9b-fd7242889538', 'crystal_earn', 30, '8606a2a3-dcbf-4fb1-9c86-03acb185f63e', 'Quest Completed', 'You earned 30 crystals from \"test\".', 0, '2026-02-08 01:54:41'),
('649f0ea7-0625-4fa9-9fc3-93dfd3abbafb', 'a0f3b228-35be-467c-a394-1400a53945a0', 'wish_accepted', 0, '91bf418f-ac8b-45ab-879c-30f8bfbcbec8', 'Wish Accepted', 'Wish for Luna was accepted on 2026-02-23.', 0, '2026-02-23 19:24:52'),
('66424b38-00aa-4496-9aeb-ee00c02779e1', 'a0f3b228-35be-467c-a394-1400a53945a0', 'crystal_earn', 8, '20365237-6832-4c48-bea3-7f3b2cc7bf9f', 'Quest Completed', 'You earned 8 crystals from \"Practice Piano\".', 0, '2026-02-22 20:12:06'),
('6688d208-5639-4344-87b2-d82e66281aab', 'a0f3b228-35be-467c-a394-1400a53945a0', 'crystal_earn', 8, '90458024-7766-447a-b0fb-37e77f0acb1f', 'Quest Completed', 'You earned 8 crystals from \"Practice Piano\".', 0, '2026-02-18 20:12:06'),
('6a9620cc-af03-497c-a154-b7ef94dd0c87', '709f021f-ac68-4c01-a3c6-98b6368fae25', 'quest_failed', 0, '21d7f61a-dbe0-490a-9fce-c2776d49cedc', 'Quest Failed', 'Your quest \"Stretch Routine\" was marked incomplete.', 0, '2026-02-14 20:12:06'),
('6c8f22b3-56c0-4b4d-b8c2-989df2ae7b5f', '52789d9c-e195-4207-82d6-8f6f7fdd8a5b', 'crystal_spend', 14, 'ed7f066f-0889-4476-9daf-a4d5d868f000', 'Reward Purchased', 'You spent 14 crystals on \"Cartoon Time\".', 0, '2026-02-22 20:12:07'),
('6d1b2153-2c97-4a41-9418-c0dbc72d3a37', 'a0f3b228-35be-467c-a394-1400a53945a0', 'crystal_earn', 10, '26a86c9e-ad9e-4aa3-8a97-d9e9a84c24f7', 'Quest Completed', 'You earned 10 crystals from \"Family Workout\".', 0, '2026-02-16 20:12:06'),
('6dd3e48a-e45d-41fb-9f75-8bd84db8f7ce', '53a357f5-b4e2-45be-ae9b-fd7242889538', 'crystal_spend', 1, '0012e24c-f6f3-44d9-a29e-0ca02bc93558', 'Reward Purchased', 'You spent 1 crystals on \"5234\".', 0, '2026-02-19 01:17:19'),
('6e2bce65-f104-4196-969b-c61d82b638e6', 'faba9c3a-667b-44d0-84d3-5e24ac3e417a', 'quest_failed', 0, '16343a96-887d-4cf0-b790-fce3250a0788', 'Quest Failed', 'Your quest \"Notebook Review\" was marked incomplete.', 0, '2026-02-18 20:12:06'),
('6ff4a83d-9873-44a8-9ead-2673a09d0d86', 'a0f3b228-35be-467c-a394-1400a53945a0', 'crystal_earn', 10, '24af8ec0-7d21-4564-9b49-d2f59bef0a0c', 'Quest Completed', 'You earned 10 crystals from \"Family Workout\".', 0, '2026-02-23 00:22:14'),
('714ed589-a5d6-489f-a054-a96283c09ee2', 'bd8184d2-29cf-4093-8ecc-87513ce59f93', 'quest_failed', 0, '49349c30-b295-4e0d-8262-821809799c41', 'Quest Failed', 'Your quest \"Dish Duty\" was marked incomplete.', 0, '2026-02-21 20:12:06'),
('72d576da-b169-491a-baa2-29f9b670b5c1', 'faba9c3a-667b-44d0-84d3-5e24ac3e417a', 'quest_failed', 0, 'c51add26-37a2-47d1-beee-ad6a3fda6dc6', 'Quest Failed', 'Your quest \"Bedtime Prep\" was marked incomplete.', 0, '2026-02-16 20:12:06'),
('738523e5-b442-41a1-88f9-526ca5ba4c82', 'faba9c3a-667b-44d0-84d3-5e24ac3e417a', 'crystal_earn', 6, '7a11238d-5aff-4786-b3f2-528d6afdf33c', 'Quest Completed', 'You earned 6 crystals from \"Bedtime Prep\".', 0, '2026-02-18 20:12:06'),
('75c65195-73b7-4ef2-9f32-24401a9f43fc', '89d2f542-171d-4ee9-9a6d-d9189c77cf35', 'quest_failed', 0, '09d0a427-c00f-40f1-9248-d7478501c8cc', 'Quest Failed', 'Your quest \"Set Table\" was marked incomplete.', 0, '2026-02-19 20:12:06'),
('75e66f6f-9beb-4f62-939d-6bf8e9844cdf', '53a357f5-b4e2-45be-ae9b-fd7242889538', 'crystal_spend', 1, 'be00e383-0cd7-4c89-9609-c564c3a9808e', 'Reward Purchased', 'You spent 1 crystals on \"toy\".', 0, '2026-02-09 00:52:38'),
('76a381cb-39df-4935-a52f-66619f7ddbc8', '709f021f-ac68-4c01-a3c6-98b6368fae25', 'quest_failed', 0, 'a9e5a0f7-f37f-4031-8e7d-7762ab81336c', 'Quest Failed', 'Your quest \"Read Story\" was marked incomplete.', 0, '2026-02-13 20:12:06'),
('7708cef1-22d8-44ae-b217-349a09a2fb6e', '53a357f5-b4e2-45be-ae9b-fd7242889538', 'crystal_spend', 50, 'ada784e1-8ee1-49cb-9b4c-986dfe26cc67', 'Reward Purchased', 'You spent 50 crystals on \"screen time\".', 0, '2026-02-19 01:17:06'),
('7a61b19c-9301-4c21-8ebe-0876125e8d22', '53a357f5-b4e2-45be-ae9b-fd7242889538', 'crystal_earn', 30, 'cdd4c431-8016-4482-82be-71eb963d07a7', 'Quest Completed', 'You earned 30 crystals from \"reading 1\".', 1, '2026-02-04 22:21:35'),
('7c260207-bfc1-46c1-a713-3cebfea9cdd2', '52789d9c-e195-4207-82d6-8f6f7fdd8a5b', 'quest_failed', 0, 'b06d6473-1bb3-4db9-a208-c110524db4d3', 'Quest Failed', 'Your quest \"Journal Entry\" was marked incomplete.', 0, '2026-02-16 20:12:06'),
('7cce5287-effc-47a6-9b94-eccbcce9a9b9', '933844a1-c837-4a09-862a-800d538d67c1', 'crystal_earn', 12, '381e6bf5-9f58-4fcc-8ba1-2bcc7e2cf3aa', 'Quest Completed', 'You earned 12 crystals from \"Morning Reading\".', 0, '2026-02-21 20:12:06'),
('80a57c9c-92e1-4e2c-bdba-58290cdcd9b6', '600f9b09-6922-4b6d-8ac4-32d909a9441d', 'quest_failed', 0, '164f59af-d9bb-4372-ac32-8c5e0091c43b', 'Quest Failed', 'Your quest \"Room Sweep\" was marked incomplete.', 0, '2026-02-19 20:12:06'),
('80d07d68-71bd-4d93-be1f-c529678311b9', '89d2f542-171d-4ee9-9a6d-d9189c77cf35', 'quest_failed', 0, 'b8df474f-fc74-4c87-9edf-44dc670c3bf8', 'Quest Failed', 'Your quest \"Read Story\" was marked incomplete.', 0, '2026-02-20 20:12:06'),
('81ff3a06-8ec8-4f97-95a9-46bda8f6545b', '933844a1-c837-4a09-862a-800d538d67c1', 'quest_failed', 0, '0960739b-8437-492e-9351-f2f3a39f94a2', 'Quest Failed', 'Your quest \"Practice Piano\" was marked incomplete.', 0, '2026-02-16 20:12:06'),
('820309a8-d38e-4e61-b239-ab3077c8613b', '89d2f542-171d-4ee9-9a6d-d9189c77cf35', 'quest_failed', 0, 'fecdccea-1253-4942-ac09-6dabae12d3af', 'Quest Failed', 'Your quest \"Read Story\" was marked incomplete.', 0, '2026-02-16 20:12:06'),
('8203b20a-05c1-4085-9a85-9dacf353a3c9', '933844a1-c837-4a09-862a-800d538d67c1', 'crystal_spend', 18, '8e04f647-02c4-4df5-a09c-4c6667ca99ec', 'Reward Purchased', 'You spent 18 crystals on \"Movie Night\".', 0, '2026-02-22 20:12:07'),
('828cfede-c7ea-4e94-8378-0486086cc33d', '709f021f-ac68-4c01-a3c6-98b6368fae25', 'crystal_earn', 9, '18984d21-c978-4f89-aeb9-a7932d4a52a0', 'Quest Completed', 'You earned 9 crystals from \"Read Story\".', 0, '2026-02-18 20:12:06'),
('84b64291-8d92-4044-9717-df69270e45bc', '3265a96e-c49d-4f2a-9712-1db566ba3b6d', 'wish_accepted', 0, '354a58d9-8678-4af4-89bf-4c710b875b59', 'Wish Accepted', 'Wish for Boy was accepted on 2026-02-11.', 0, '2026-02-11 02:03:37'),
('84bd006a-1cb1-4eea-8783-83e5272352ab', 'bd8184d2-29cf-4093-8ecc-87513ce59f93', 'quest_failed', 0, 'bbc4d5c2-1a83-48cc-96b0-2f554e338599', 'Quest Failed', 'Your quest \"Journal Entry\" was marked incomplete.', 0, '2026-02-20 20:12:06'),
('85c30b5f-8b5b-4276-913e-92643a9c36b1', '53a357f5-b4e2-45be-ae9b-fd7242889538', 'crystal_spend', 10, 'be00e383-0cd7-4c89-9609-c564c3a9808e', 'Reward Purchased', 'You spent 10 crystals on \"toy\".', 0, '2026-02-09 00:35:16'),
('88a0c17f-da1d-4aa4-96b5-b7ac1f83f401', 'a0f3b228-35be-467c-a394-1400a53945a0', 'crystal_earn', 12, '36746ef9-2107-4508-a760-e9a3a029da74', 'Quest Completed', 'You earned 12 crystals from \"Morning Reading\".', 0, '2026-02-14 20:12:06'),
('88c0c752-45e1-4a06-8ed8-a51e766b282e', '52789d9c-e195-4207-82d6-8f6f7fdd8a5b', 'quest_failed', 0, '72e33e3c-4cd9-4df5-a554-a881bfe43c93', 'Quest Failed', 'Your quest \"Walk Outside\" was marked incomplete.', 0, '2026-02-20 20:12:06'),
('894bd3f9-9241-4f28-807c-19acb153c410', '89d2f542-171d-4ee9-9a6d-d9189c77cf35', 'quest_failed', 0, 'ce50aa8d-8bff-476f-bd31-7c994dc68a86', 'Quest Failed', 'Your quest \"Set Table\" was marked incomplete.', 0, '2026-02-22 20:12:06'),
('8a6ff8c0-5cf1-4f9e-8e69-00d6a229ea54', '52789d9c-e195-4207-82d6-8f6f7fdd8a5b', 'quest_failed', 0, '862f218a-3d20-44a2-99e0-842372ddf919', 'Quest Failed', 'Your quest \"Math Worksheet\" was marked incomplete.', 0, '2026-02-16 20:12:06'),
('8bbf3f32-94ea-4f9c-98de-5e1ec1f684a8', '53a357f5-b4e2-45be-ae9b-fd7242889538', 'crystal_earn', 10, 'bd38e836-7791-45cd-b687-1f5ef65e1ec7', 'Quest Completed', 'You earned 10 crystals from \"clean up\".', 0, '2026-02-12 01:51:16'),
('8bde12b1-7931-49e7-816d-b1a1305bad55', '06bd21fd-5a5d-4639-8d74-34d162a1232a', 'wish_accepted', 0, '45e5b108-60b2-410f-96de-307f5f0990f9', 'Wish Accepted', 'Wish for Luna was accepted on 2026-02-23.', 0, '2026-02-23 19:24:47'),
('8de89a17-e329-4cc6-a2ec-8056cb6d3265', '89d2f542-171d-4ee9-9a6d-d9189c77cf35', 'crystal_earn', 7, '34857c92-5997-4574-abde-499cbce84f5d', 'Quest Completed', 'You earned 7 crystals from \"Stretch Routine\".', 0, '2026-02-16 20:12:06'),
('8e63ea4a-2806-4381-adc8-a54ff36b4e04', '53a357f5-b4e2-45be-ae9b-fd7242889538', '', 0, '38308667-260d-4a41-bee4-2e1af5a486b5', 'Quest Failed', 'Your quest \"habit 1\" was marked incomplete.', 1, '2026-02-04 22:18:53'),
('8f06033f-6877-440b-8dc5-1c0489536440', '53a357f5-b4e2-45be-ae9b-fd7242889538', 'wish_accepted', 0, '59089bfd-0552-4378-a57f-4c65a07fda3d', 'Wish Accepted', 'Wish for Boy was accepted on 2026-02-10.', 0, '2026-02-10 01:58:31'),
('8f3de4d5-46a6-454a-bb43-43ff7ed1669b', '57b63a08-8c87-4a94-a02c-07d3c71f5ca4', 'wish_accepted', 0, 'b9c879ed-bf74-4531-92b2-d5c4efff24e3', 'Wish Accepted', 'Wish for kid1 was accepted on 2026-02-23.', 1, '2026-02-23 00:15:41'),
('8fcf7bee-a4b5-4b7f-90cb-45fa60500c7a', '57b63a08-8c87-4a94-a02c-07d3c71f5ca4', 'crystal_spend', 1, '86d1c00e-c32a-43b2-8c83-cb304e73f4aa', 'Reward Purchased', 'You spent 1 crystals on \"RP1\".', 1, '2026-02-23 00:01:52'),
('90571341-0f58-414f-bea9-7833564f68d7', '709f021f-ac68-4c01-a3c6-98b6368fae25', 'quest_failed', 0, '4f629f12-af13-4fa8-aa16-f55fd76a863d', 'Quest Failed', 'Your quest \"Read Story\" was marked incomplete.', 0, '2026-02-19 20:12:06'),
('9357669c-e3fd-4f82-aaba-b7429edda728', '600f9b09-6922-4b6d-8ac4-32d909a9441d', 'quest_failed', 0, 'd0245315-ba31-4655-87f7-abcdae9f645e', 'Quest Failed', 'Your quest \"Water Plants\" was marked incomplete.', 0, '2026-02-16 20:12:06'),
('943a362d-9729-47b3-a7ba-341cd94f261b', '53a357f5-b4e2-45be-ae9b-fd7242889538', 'crystal_earn', 1, '7f805b10-5262-4f86-8cd5-b27391071326', 'Quest Completed', 'You earned 1 crystals from \"123\".', 0, '2026-02-17 03:12:44'),
('9510b3da-885b-44a0-91c4-4daadcbda2f5', '53a357f5-b4e2-45be-ae9b-fd7242889538', 'crystal_spend', 10, 'be00e383-0cd7-4c89-9609-c564c3a9808e', 'Reward Purchased', 'You spent 10 crystals on \"toy\".', 0, '2026-02-06 05:05:17'),
('95cbe056-4262-4705-9476-488de36a9e9f', 'bd8184d2-29cf-4093-8ecc-87513ce59f93', 'crystal_earn', 7, '26264377-b610-43b6-8d60-685bacbc290e', 'Quest Completed', 'You earned 7 crystals from \"Walk Outside\".', 0, '2026-02-19 20:12:06'),
('9665b1f1-9653-4da0-ae9a-5b5f4c266489', '53a357f5-b4e2-45be-ae9b-fd7242889538', 'crystal_spend', 50, 'ada784e1-8ee1-49cb-9b4c-986dfe26cc67', 'Reward Purchased', 'You spent 50 crystals on \"screen time\".', 1, '2026-02-06 04:47:05'),
('96cc2c4a-50f5-40c4-a3d0-d6b8e8bd8676', '933844a1-c837-4a09-862a-800d538d67c1', 'crystal_earn', 8, 'ff740ca5-a2e6-4cd1-8d76-448ee52ce264', 'Quest Completed', 'You earned 8 crystals from \"Practice Piano\".', 0, '2026-02-22 20:12:06'),
('983bae64-012f-4369-9417-617907538699', '709f021f-ac68-4c01-a3c6-98b6368fae25', 'quest_failed', 0, 'f8daffb7-d7d5-4c49-b712-7296a8c1b574', 'Quest Failed', 'Your quest \"Read Story\" was marked incomplete.', 0, '2026-02-16 20:12:06'),
('99dac07f-0986-48c4-b5fb-e57022ba7a3a', '53a357f5-b4e2-45be-ae9b-fd7242889538', 'crystal_earn', 7, '7c373d31-8cc2-436b-8f4a-3b76cdc13385', 'Quest Completed', 'You earned 7 crystals from \"6\".', 0, '2026-02-17 03:13:00'),
('9bba7c07-d944-41e5-ab88-20c379a8936c', 'bd8184d2-29cf-4093-8ecc-87513ce59f93', 'quest_failed', 0, '9a61950e-fee4-4321-be50-4c72b249a13d', 'Quest Failed', 'Your quest \"Journal Entry\" was marked incomplete.', 0, '2026-02-16 20:12:06'),
('9da53e8a-99e5-49b3-86a7-21eee91e4bff', '709f021f-ac68-4c01-a3c6-98b6368fae25', 'quest_failed', 0, 'be6f98d1-b847-4d5b-8e74-754cdc5014d2', 'Quest Failed', 'Your quest \"Word Practice\" was marked incomplete.', 0, '2026-02-16 20:12:06'),
('9ee08830-7385-421c-b98d-e748c50946ec', '3265a96e-c49d-4f2a-9712-1db566ba3b6d', 'wish_accepted', 0, 'b117deaf-5d69-4527-a760-82aa59cdad91', 'Wish Accepted', 'Wish for Boy was accepted on 2026-02-15.', 0, '2026-02-15 00:48:03'),
('9f59604d-8bfb-4de5-ac9c-ac065812b18a', 'a0f3b228-35be-467c-a394-1400a53945a0', 'crystal_earn', 8, '05fc9c8f-a49e-4022-8a03-eab8be69296b', 'Quest Completed', 'You earned 8 crystals from \"Practice Piano\".', 0, '2026-02-13 20:12:06'),
('a0c56088-33ef-4a4b-b24f-2a0ce2164b0c', '600f9b09-6922-4b6d-8ac4-32d909a9441d', 'quest_failed', 0, 'bc38da11-acd8-4b23-888c-e35993468daf', 'Quest Failed', 'Your quest \"Water Plants\" was marked incomplete.', 0, '2026-02-17 20:12:06'),
('a115fb9e-cbf4-4f66-a973-8c51bf5d79d1', '53a357f5-b4e2-45be-ae9b-fd7242889538', 'crystal_spend', 1, 'be00e383-0cd7-4c89-9609-c564c3a9808e', 'Reward Purchased', 'You spent 1 crystals on \"toy\".', 1, '2026-02-09 00:43:21'),
('a296d71c-6ac2-4fae-8f64-be87de785dfb', '3265a96e-c49d-4f2a-9712-1db566ba3b6d', 'wish_accepted', 0, 'f23087bf-cc89-41d2-aeb9-cda794dad4ef', 'Wish Accepted', 'Wish for Boy was accepted on 2026-02-06.', 1, '2026-02-06 04:53:17'),
('a457b697-140a-4573-bd01-1370479cd3fe', '600f9b09-6922-4b6d-8ac4-32d909a9441d', 'crystal_earn', 7, '3d7e6a33-ad94-43a9-a6f2-29fcd36e903d', 'Quest Completed', 'You earned 7 crystals from \"Room Sweep\".', 0, '2026-02-17 20:12:06'),
('a4f7b2b8-ac9a-4b51-8830-bde9ab46a957', '933844a1-c837-4a09-862a-800d538d67c1', 'crystal_earn', 15, 'b1827b2d-f213-45c8-bb96-aab02f23b27d', 'Quest Completed', 'You earned 15 crystals from \"Tidy Bedroom\".', 0, '2026-02-22 20:12:06'),
('a56627fe-2f4a-4c9c-b740-9628efa7ba50', '52789d9c-e195-4207-82d6-8f6f7fdd8a5b', 'crystal_earn', 9, '25efbeca-4932-429b-94f0-27151a7f78dd', 'Quest Completed', 'You earned 9 crystals from \"Dish Duty\".', 0, '2026-02-20 20:12:06'),
('a6393145-6dce-4843-a362-4a4d72d58b23', '53a357f5-b4e2-45be-ae9b-fd7242889538', 'crystal_spend', 10, 'be00e383-0cd7-4c89-9609-c564c3a9808e', 'Reward Purchased', 'You spent 10 crystals on \"toy\".', 0, '2026-02-08 01:53:56'),
('a6eae85c-fe8c-43e5-8bba-07d39473e640', '933844a1-c837-4a09-862a-800d538d67c1', 'crystal_earn', 12, '19e6b1ac-9f3d-4de2-8193-428a7141e8e1', 'Quest Completed', 'You earned 12 crystals from \"Morning Reading\".', 0, '2026-02-20 20:12:06'),
('a734e0c4-e4c1-4ae0-bebd-64918dcffe30', '933844a1-c837-4a09-862a-800d538d67c1', 'crystal_earn', 12, '80b32eee-4215-4eb2-b7ef-5658b42faf8d', 'Quest Completed', 'You earned 12 crystals from \"Morning Reading\".', 0, '2026-02-18 20:12:06'),
('a743615d-af3a-43d6-b6a1-0b98c5044230', 'a0f3b228-35be-467c-a394-1400a53945a0', 'crystal_earn', 15, '7649c593-a557-4661-b78d-2422ab91a11d', 'Quest Completed', 'You earned 15 crystals from \"Tidy Bedroom\".', 0, '2026-02-20 20:12:06'),
('a78c384d-3291-43b5-b9c0-74c2da7df6cc', 'bd8184d2-29cf-4093-8ecc-87513ce59f93', 'quest_failed', 0, '5244a82c-ae13-424d-9acf-c24e78e4ce01', 'Quest Failed', 'Your quest \"Math Worksheet\" was marked incomplete.', 0, '2026-02-16 20:12:06'),
('a82cf3f5-1d3c-4f45-9891-2f14613ccac5', '57b63a08-8c87-4a94-a02c-07d3c71f5ca4', 'crystal_spend', 3, '2b7396e5-58cb-4726-b3f6-accbf3347b63', 'Reward Purchased', 'You spent 3 crystals on \"r3\".', 1, '2026-02-23 00:03:47'),
('a95cac54-028b-4bea-a2e6-a45743305947', '53a357f5-b4e2-45be-ae9b-fd7242889538', 'crystal_spend', 50, 'ada784e1-8ee1-49cb-9b4c-986dfe26cc67', 'Reward Purchased', 'You spent 50 crystals on \"screen time\".', 1, '2026-02-06 04:25:58'),
('a9b8aa6b-4f68-400b-8b38-91e4b8b80e09', '933844a1-c837-4a09-862a-800d538d67c1', 'crystal_earn', 10, '2afb989f-02fa-4d84-bd62-4140fa15e113', 'Quest Completed', 'You earned 10 crystals from \"Family Workout\".', 0, '2026-02-21 20:12:06'),
('aa114914-bfb9-4a48-a2cd-d3712dd5d4cc', '709f021f-ac68-4c01-a3c6-98b6368fae25', 'quest_failed', 0, 'adaf2a0c-8e5c-4918-98eb-2fc3210ea9c7', 'Quest Failed', 'Your quest \"Stretch Routine\" was marked incomplete.', 0, '2026-02-17 20:12:06'),
('aa511699-9819-4790-bff9-aa7137b4bb43', '933844a1-c837-4a09-862a-800d538d67c1', 'crystal_earn', 8, '6c42f018-a24f-4906-98dc-cab348255511', 'Quest Completed', 'You earned 8 crystals from \"Practice Piano\".', 0, '2026-02-20 20:12:06'),
('ade5597e-0672-4efb-9af4-87c16f950b58', 'bd8184d2-29cf-4093-8ecc-87513ce59f93', 'quest_failed', 0, 'f1cd5cef-cf48-482e-9c84-154193696e4b', 'Quest Failed', 'Your quest \"Math Worksheet\" was marked incomplete.', 0, '2026-02-19 20:12:06'),
('ae58878f-54e1-454c-adf2-d0d15da82063', '709f021f-ac68-4c01-a3c6-98b6368fae25', 'quest_failed', 0, '67c4cb19-8a34-40ad-a83b-4c224df6c53b', 'Quest Failed', 'Your quest \"Set Table\" was marked incomplete.', 0, '2026-02-18 20:12:06'),
('afb0c3d9-0ad8-492b-9274-2ff3c994c2be', '600f9b09-6922-4b6d-8ac4-32d909a9441d', 'quest_failed', 0, 'cb3506f8-416e-46bf-852e-20453c7d5dc8', 'Quest Failed', 'Your quest \"Water Plants\" was marked incomplete.', 0, '2026-02-20 20:12:06'),
('b25c9618-8c11-4584-a435-a7c4c2b75a08', '53a357f5-b4e2-45be-ae9b-fd7242889538', 'crystal_spend', 10, 'be00e383-0cd7-4c89-9609-c564c3a9808e', 'Reward Purchased', 'You spent 10 crystals on \"toy\".', 0, '2026-02-09 00:42:35'),
('b335c3df-d16f-423f-ba0c-52d6d3eb38f6', '600f9b09-6922-4b6d-8ac4-32d909a9441d', 'crystal_earn', 6, '0255a232-b943-4d82-9fa2-82d7ef5264ad', 'Quest Completed', 'You earned 6 crystals from \"Bedtime Prep\".', 0, '2026-02-18 20:12:06'),
('b34c1042-e0ea-4d35-a6da-55a798456301', '53a357f5-b4e2-45be-ae9b-fd7242889538', 'wish_accepted', 0, 'b117deaf-5d69-4527-a760-82aa59cdad91', 'Wish Accepted', 'Wish for Boy was accepted on 2026-02-15.', 0, '2026-02-15 00:48:03'),
('b3c0dbe6-1c29-4e09-81ef-62e8ae876870', '600f9b09-6922-4b6d-8ac4-32d909a9441d', 'quest_failed', 0, 'aecbaf94-2224-4506-9066-ec62246cf7f1', 'Quest Failed', 'Your quest \"Notebook Review\" was marked incomplete.', 0, '2026-02-14 20:12:06'),
('b3ebecdb-6962-432c-a529-80802dffbeee', 'a0f3b228-35be-467c-a394-1400a53945a0', 'crystal_earn', 12, 'e6c2e4a4-8ce0-4ea2-a931-cf9cd04609e8', 'Quest Completed', 'You earned 12 crystals from \"Morning Reading\".', 0, '2026-02-21 20:12:06'),
('b45dfbe1-db0d-4f05-9cad-b86351b6d156', '53a357f5-b4e2-45be-ae9b-fd7242889538', 'wish_accepted', 0, 'f23087bf-cc89-41d2-aeb9-cda794dad4ef', 'Wish Accepted', 'Wish for Boy was accepted on 2026-02-06.', 0, '2026-02-06 04:53:17'),
('b499ddeb-56f5-4407-b448-c4803b5f721e', '89d2f542-171d-4ee9-9a6d-d9189c77cf35', 'quest_failed', 0, '04790393-f3da-49ac-869e-f819caa5707b', 'Quest Failed', 'Your quest \"Stretch Routine\" was marked incomplete.', 0, '2026-02-14 20:12:06'),
('b6460e3e-fe9f-4879-89f7-55be45220ce7', '53a357f5-b4e2-45be-ae9b-fd7242889538', 'crystal_earn', 30, 'b5f90e5f-5bff-4dd0-80e8-bb7acc87aee9', 'Quest Completed', 'You earned 30 crystals from \"reading 1\".', 0, '2026-02-08 01:54:42'),
('b6a2c1eb-2089-4286-88c9-68ad6c99ceae', '89d2f542-171d-4ee9-9a6d-d9189c77cf35', 'quest_failed', 0, 'e5d97849-f8ad-4e82-8d38-27bc0731ea95', 'Quest Failed', 'Your quest \"Stretch Routine\" was marked incomplete.', 0, '2026-02-18 20:12:06'),
('b7cdfea8-9238-41d8-83e7-9d201a10dba2', '933844a1-c837-4a09-862a-800d538d67c1', 'crystal_earn', 12, 'a06e55bb-e52b-4dd2-a541-d2de9ffe0bbc', 'Quest Completed', 'You earned 12 crystals from \"Morning Reading\".', 0, '2026-02-14 20:12:06'),
('ba352ab3-7e04-420b-b055-e0e1e73f281c', 'bd8184d2-29cf-4093-8ecc-87513ce59f93', 'quest_failed', 0, '27224a6e-ceb9-46c2-9886-93852e1bcce3', 'Quest Failed', 'Your quest \"Journal Entry\" was marked incomplete.', 0, '2026-02-19 20:12:06'),
('ba5a8562-af30-4b9b-b887-04916ac59de6', 'faba9c3a-667b-44d0-84d3-5e24ac3e417a', 'crystal_earn', 7, 'cec81526-b33b-4db4-97e6-29bcd99d490d', 'Quest Completed', 'You earned 7 crystals from \"Room Sweep\".', 0, '2026-02-17 20:12:06'),
('bd3b48fc-b86b-41a5-ae1a-e0a88433b636', '933844a1-c837-4a09-862a-800d538d67c1', 'crystal_earn', 15, 'a448273e-2547-41ff-bd80-2699bf5bd8ca', 'Quest Completed', 'You earned 15 crystals from \"Tidy Bedroom\".', 0, '2026-02-19 20:12:06'),
('c077ce7c-4a7d-4a63-bdb4-c18c2cf6d45a', '709f021f-ac68-4c01-a3c6-98b6368fae25', 'crystal_earn', 10, 'a938e054-5eab-450a-9793-ef4dfd43b4ec', 'Quest Completed', 'You earned 10 crystals from \"Word Practice\".', 0, '2026-02-15 20:12:06'),
('c0de810f-416b-494b-bf6f-5e27a04f8bc3', '600f9b09-6922-4b6d-8ac4-32d909a9441d', 'crystal_earn', 5, 'ec325a28-6293-47e8-9576-d60154874189', 'Quest Completed', 'You earned 5 crystals from \"Water Plants\".', 0, '2026-02-22 20:12:06'),
('c0e93b80-85b0-4f64-958a-b88356578fcf', '600f9b09-6922-4b6d-8ac4-32d909a9441d', 'quest_failed', 0, '287e41d4-e974-43db-84f6-3893b3f00425', 'Quest Failed', 'Your quest \"Bedtime Prep\" was marked incomplete.', 0, '2026-02-13 20:12:06'),
('c17a76d9-8ec9-4ceb-bde5-55cfbc83e875', '933844a1-c837-4a09-862a-800d538d67c1', 'crystal_earn', 10, '089e8f58-d562-4d58-9723-56fd2e56dd37', 'Quest Completed', 'You earned 10 crystals from \"Family Workout\".', 0, '2026-02-16 20:12:06'),
('c2642c56-bfeb-4c11-a5ba-22baa4b2606e', '52789d9c-e195-4207-82d6-8f6f7fdd8a5b', 'quest_failed', 0, 'e5ee8556-4313-4703-b8c8-2759d73e0c23', 'Quest Failed', 'Your quest \"Walk Outside\" was marked incomplete.', 0, '2026-02-21 20:12:06'),
('c2ae9421-27bb-44ec-9189-0f51adf44b75', '709f021f-ac68-4c01-a3c6-98b6368fae25', 'quest_failed', 0, 'd9396f76-e399-4d4c-930c-308ee24d2033', 'Quest Failed', 'Your quest \"Word Practice\" was marked incomplete.', 0, '2026-02-13 20:12:06'),
('c32a842a-73fe-492f-9641-267c760b9bf9', '53a357f5-b4e2-45be-ae9b-fd7242889538', 'crystal_spend', 10, 'be00e383-0cd7-4c89-9609-c564c3a9808e', 'Reward Purchased', 'You spent 10 crystals on \"toy\".', 1, '2026-02-06 04:47:01'),
('c335e4c9-d91f-4847-aeba-89ea5d06ec68', '52789d9c-e195-4207-82d6-8f6f7fdd8a5b', 'quest_failed', 0, 'f1a6da7e-74d1-4346-8815-63d75e7d0ff3', 'Quest Failed', 'Your quest \"Walk Outside\" was marked incomplete.', 0, '2026-02-17 20:12:06'),
('c33759ca-4316-4a0e-8bb7-9c03aac39cec', 'bd8184d2-29cf-4093-8ecc-87513ce59f93', 'crystal_earn', 10, '584c3fa6-dd5e-4545-a8d1-32b6bc982ab8', 'Quest Completed', 'You earned 10 crystals from \"Math Worksheet\".', 0, '2026-02-21 20:12:06'),
('c33c1ef4-cdf7-49dc-b892-aece740a2a06', '933844a1-c837-4a09-862a-800d538d67c1', 'crystal_earn', 8, '57cbb298-a40a-4293-9d88-38a09b02d817', 'Quest Completed', 'You earned 8 crystals from \"Practice Piano\".', 0, '2026-02-18 20:12:06'),
('c421ba7d-f778-4bc4-8660-08eed21c1b98', '53a357f5-b4e2-45be-ae9b-fd7242889538', 'crystal_earn', 50, '5665aa93-72f4-4e89-b611-8f669459ca2b', 'Quest Completed', 'You earned 50 crystals from \"habit 1\".', 0, '2026-02-08 01:54:40'),
('c8bde5fc-f265-49e7-96af-ad04e5e34bf2', 'faba9c3a-667b-44d0-84d3-5e24ac3e417a', 'crystal_earn', 5, '28dc5133-5dd5-43ba-8fd9-af8de00b8a2f', 'Quest Completed', 'You earned 5 crystals from \"Water Plants\".', 0, '2026-02-22 20:12:06'),
('c8eaf20f-246b-4e2d-b98a-08c300671873', '89d2f542-171d-4ee9-9a6d-d9189c77cf35', 'quest_failed', 0, 'f2c9bca6-9d91-405c-a018-2f2b2122262a', 'Quest Failed', 'Your quest \"Set Table\" was marked incomplete.', 0, '2026-02-18 20:12:06'),
('ca1d4b11-4b3f-4057-8bd2-a166432bdcf3', 'a0f3b228-35be-467c-a394-1400a53945a0', 'crystal_earn', 10, '74d2a2fc-766a-4418-b1e3-515657dad608', 'Quest Completed', 'You earned 10 crystals from \"Family Workout\".', 0, '2026-02-19 20:12:06'),
('ca4f7b0d-ab1a-4966-a8c4-41c957708616', '89d2f542-171d-4ee9-9a6d-d9189c77cf35', 'quest_failed', 0, '34083cf8-9152-4a70-b447-c6a42300275d', 'Quest Failed', 'Your quest \"Set Table\" was marked incomplete.', 0, '2026-02-15 20:12:06'),
('ca7e5e2f-1a05-4fc3-b2cf-46648b63b205', '600f9b09-6922-4b6d-8ac4-32d909a9441d', 'quest_failed', 0, '3ebb5962-0a89-47ee-ad89-e0e816adf908', 'Quest Failed', 'Your quest \"Notebook Review\" was marked incomplete.', 0, '2026-02-18 20:12:06'),
('cbaa3e2f-1cd7-47a1-bbec-03f597986be9', '06bd21fd-5a5d-4639-8d74-34d162a1232a', 'wish_accepted', 0, '769a924b-5867-4f24-8f2b-aac3aeae73b5', 'Wish Accepted', 'Wish for Luna was accepted on 2026-02-23.', 0, '2026-02-23 19:24:49'),
('ccc47354-8c77-40da-a6ea-32e472293b62', 'a0f3b228-35be-467c-a394-1400a53945a0', 'crystal_earn', 10, 'a012e04c-e1b3-46c8-a924-974bcfdf752a', 'Quest Completed', 'You earned 10 crystals from \"Family Workout\".', 0, '2026-02-14 20:12:06'),
('ce59eac8-a90f-4f36-95c9-f9d886d0bb5c', '933844a1-c837-4a09-862a-800d538d67c1', 'crystal_earn', 10, '8e8eed87-a3e1-4762-9e61-a61c385dda95', 'Quest Completed', 'You earned 10 crystals from \"Family Workout\".', 0, '2026-02-19 20:12:06'),
('cec4e9d3-1583-46d2-96f9-38ad9efb714a', '06bd21fd-5a5d-4639-8d74-34d162a1232a', 'wish_accepted', 0, '91bf418f-ac8b-45ab-879c-30f8bfbcbec8', 'Wish Accepted', 'Wish for Luna was accepted on 2026-02-23.', 0, '2026-02-23 19:24:52'),
('d016163c-6afa-4bdd-9df9-7b20395ea285', '89d2f542-171d-4ee9-9a6d-d9189c77cf35', 'crystal_spend', 13, 'e563f101-e912-42d5-b8de-a3c1eabdbf02', 'Reward Purchased', 'You spent 13 crystals on \"Music Time\".', 0, '2026-02-22 20:12:07'),
('d15d6231-d995-4b16-80ec-c585299dc637', 'a0f3b228-35be-467c-a394-1400a53945a0', 'crystal_earn', 12, 'bb5829d2-b873-4f1b-9d7b-da94524b88d5', 'Quest Completed', 'You earned 12 crystals from \"Morning Reading\".', 0, '2026-02-18 20:12:06'),
('d199db8c-437a-49c7-954c-227a2514a84b', 'a0f3b228-35be-467c-a394-1400a53945a0', 'quest_failed', 0, 'd57c1ee9-5ad6-420f-80cc-c0a0f8f747cf', 'Quest Failed', 'Your quest \"Morning Reading\" was marked incomplete.', 0, '2026-02-19 20:12:06'),
('d4e4eb20-d417-4050-802e-4f4028aef6b2', '53a357f5-b4e2-45be-ae9b-fd7242889538', 'wish_accepted', 0, '8ab761ec-ede7-4202-b1c3-f122e1fb2479', 'Wish Accepted', 'Wish for Boy was accepted on 2026-02-06.', 0, '2026-02-06 04:50:36'),
('d51bfc44-b2f3-4299-a846-44ea3bdf5899', 'bd8184d2-29cf-4093-8ecc-87513ce59f93', 'crystal_earn', 6, '31bcc98a-3485-4007-9f08-ab0bb613f995', 'Quest Completed', 'You earned 6 crystals from \"Journal Entry\".', 0, '2026-02-18 20:12:06'),
('d7bdd818-f290-4515-95ae-d0d860258adc', 'a0f3b228-35be-467c-a394-1400a53945a0', 'crystal_earn', 10, '822633ee-abd9-40f2-bab8-36a3fb57e45c', 'Quest Completed', 'You earned 10 crystals from \"Family Workout\".', 0, '2026-02-21 20:12:06'),
('d9061d6f-36e3-467d-83f2-593f84c671a2', 'a0f3b228-35be-467c-a394-1400a53945a0', 'crystal_spend', 12, '6d360f59-ebae-4811-8ab5-e10e27a22246', 'Reward Purchased', 'You spent 12 crystals on \"Favorite Snack\".', 0, '2026-02-23 19:23:31');
INSERT INTO `mailbox_messages` (`id`, `user_id`, `type`, `amount`, `source_id`, `title`, `message`, `is_read`, `created_at`) VALUES
('d9bd65f2-cbe6-4640-a85e-3457f080389d', 'a0f3b228-35be-467c-a394-1400a53945a0', 'crystal_earn', 12, 'be8f56dd-2542-4bb3-91c7-66dd627a8aae', 'Quest Completed', 'You earned 12 crystals from \"Morning Reading\".', 0, '2026-02-23 19:29:46'),
('d9e0c9fe-0688-4b0f-9d58-22c786a8e14b', '600f9b09-6922-4b6d-8ac4-32d909a9441d', 'quest_failed', 0, '783e459c-00fe-4361-9240-e6d655d53153', 'Quest Failed', 'Your quest \"Notebook Review\" was marked incomplete.', 0, '2026-02-21 20:12:06'),
('d9ea9504-ec53-402a-8ab9-182a06c3064d', 'faba9c3a-667b-44d0-84d3-5e24ac3e417a', 'quest_failed', 0, '11c18bd8-4cc0-41f2-8e7e-d7a46b19f765', 'Quest Failed', 'Your quest \"Notebook Review\" was marked incomplete.', 0, '2026-02-17 20:12:06'),
('da7b7073-356a-420c-b8b4-ba765fd608af', 'c2f8e805-c841-4fd9-9a23-ce42c9d09e96', 'wish_accepted', 0, 'b9c879ed-bf74-4531-92b2-d5c4efff24e3', 'Wish Accepted', 'Wish for kid1 was accepted on 2026-02-23.', 1, '2026-02-23 00:15:41'),
('db58078b-a363-4c09-8392-f211d808d510', '709f021f-ac68-4c01-a3c6-98b6368fae25', 'quest_failed', 0, '483c2061-498f-4ffc-9f18-d5e6bfbb500e', 'Quest Failed', 'Your quest \"Set Table\" was marked incomplete.', 0, '2026-02-22 20:12:06'),
('dbb80e81-3b32-4638-ba41-23dffbdee9fd', '57b63a08-8c87-4a94-a02c-07d3c71f5ca4', 'crystal_spend', 1, '86d1c00e-c32a-43b2-8c83-cb304e73f4aa', 'Reward Purchased', 'You spent 1 crystals on \"RP1\".', 1, '2026-02-23 00:03:52'),
('dbecc8d4-aad7-4f60-a634-a0d23dfa71fb', '57b63a08-8c87-4a94-a02c-07d3c71f5ca4', 'crystal_earn', 2, 'f0daff51-d736-4c83-8f1d-b659a3c369fe', 'Quest Completed', 'You earned 2 crystals from \"Health test 1\".', 1, '2026-02-22 23:57:35'),
('de49216f-3b11-4a4b-abf4-6c06d80b3577', '933844a1-c837-4a09-862a-800d538d67c1', 'crystal_earn', 10, '9d9831dc-5eed-40c9-b6c4-460c82b4b212', 'Quest Completed', 'You earned 10 crystals from \"Family Workout\".', 0, '2026-02-18 20:12:06'),
('e090d794-2249-4b61-bae6-e210c37dc1ca', '53a357f5-b4e2-45be-ae9b-fd7242889538', 'crystal_earn', 0, 'c686eb9e-65ac-440d-8857-a5dc3c29e7a2', 'Quest Completed', 'You earned 0 crystals from \"s3\".', 0, '2026-02-08 01:54:46'),
('e0ef3e13-d988-45c7-b5de-0482f10cae44', '933844a1-c837-4a09-862a-800d538d67c1', 'crystal_earn', 12, '467bd616-88f1-4a8d-91f3-b6d4ac51c618', 'Quest Completed', 'You earned 12 crystals from \"Morning Reading\".', 0, '2026-02-13 20:12:06'),
('e29ea15c-8961-4f1d-bd7d-8120010398bd', '53a357f5-b4e2-45be-ae9b-fd7242889538', 'wish_accepted', 0, 'c1fa1af5-3886-4e4d-9d2e-05fef7ae6d07', 'Wish Accepted', 'Wish for Boy was accepted on 2026-02-06.', 0, '2026-02-06 05:03:34'),
('e2b0494e-25ba-4b8d-a906-a016e770182c', '600f9b09-6922-4b6d-8ac4-32d909a9441d', 'quest_failed', 0, '0127327e-82d6-406f-b0a9-2cdb2dc9df4e', 'Quest Failed', 'Your quest \"Water Plants\" was marked incomplete.', 0, '2026-02-13 20:12:06'),
('e2f3eeeb-32d8-4f57-8902-5973e209fd04', '3265a96e-c49d-4f2a-9712-1db566ba3b6d', 'wish_accepted', 0, '8ab761ec-ede7-4202-b1c3-f122e1fb2479', 'Wish Accepted', 'Wish for Boy was accepted on 2026-02-06.', 1, '2026-02-06 04:50:36'),
('e4d3cf98-966d-4cda-8674-4e35313cce2b', '709f021f-ac68-4c01-a3c6-98b6368fae25', 'crystal_earn', 7, '19095e2d-52d4-48cf-821a-4e25577e0858', 'Quest Completed', 'You earned 7 crystals from \"Stretch Routine\".', 0, '2026-02-16 20:12:06'),
('e5c548db-d878-47a9-ad57-256b434f78af', 'faba9c3a-667b-44d0-84d3-5e24ac3e417a', 'crystal_earn', 5, '42ed341b-396b-45a4-8dab-2761eac73896', 'Quest Completed', 'You earned 5 crystals from \"Water Plants\".', 0, '2026-02-15 20:12:06'),
('e640b093-c4c5-4575-922c-312aa3311f96', '89d2f542-171d-4ee9-9a6d-d9189c77cf35', 'quest_failed', 0, '21b7c73b-70d8-4131-95dc-c9296b3728e6', 'Quest Failed', 'Your quest \"Word Practice\" was marked incomplete.', 0, '2026-02-13 20:12:06'),
('e68d1394-74fa-42e1-b791-5e01d88376e8', 'bd8184d2-29cf-4093-8ecc-87513ce59f93', 'quest_failed', 0, '577be2db-f5a5-4923-8e16-da2181a89e21', 'Quest Failed', 'Your quest \"Dish Duty\" was marked incomplete.', 0, '2026-02-18 20:12:06'),
('e6a11a81-888c-46f9-b4d1-5dca3ac7679a', '709f021f-ac68-4c01-a3c6-98b6368fae25', 'quest_failed', 0, '72b638de-a506-49e6-bc68-90e2a871cf79', 'Quest Failed', 'Your quest \"Set Table\" was marked incomplete.', 0, '2026-02-19 20:12:06'),
('e6cbca55-d596-4b57-ab2b-0c763be505ea', '600f9b09-6922-4b6d-8ac4-32d909a9441d', 'quest_failed', 0, '73431a88-a865-4cc8-b8d1-99ea5c108038', 'Quest Failed', 'Your quest \"Room Sweep\" was marked incomplete.', 0, '2026-02-22 20:12:06'),
('e6ed0c1f-9dac-4625-9393-9286ad0a02c1', 'faba9c3a-667b-44d0-84d3-5e24ac3e417a', 'quest_failed', 0, 'c7c1e9c0-d168-4a06-89b9-0b510592d7c6', 'Quest Failed', 'Your quest \"Room Sweep\" was marked incomplete.', 0, '2026-02-18 20:12:06'),
('e7680e63-346f-413a-86ff-6c3bcd4a071b', '53a357f5-b4e2-45be-ae9b-fd7242889538', 'crystal_spend', 10, 'be00e383-0cd7-4c89-9609-c564c3a9808e', 'Reward Purchased', 'You spent 10 crystals on \"toy\".', 0, '2026-02-09 00:37:14'),
('e812211f-749d-434a-a66c-8200ca31d958', 'a0f3b228-35be-467c-a394-1400a53945a0', 'crystal_earn', 15, '18f89e6e-86d0-4b00-a2de-79a4200ff474', 'Quest Completed', 'You earned 15 crystals from \"Tidy Bedroom\".', 0, '2026-02-17 20:12:06'),
('e883e27f-b679-4a4b-8cee-bc39d4b0b0ea', 'a0f3b228-35be-467c-a394-1400a53945a0', 'crystal_earn', 15, 'b90bb546-96d6-4356-abce-6345f4fa5d13', 'Quest Completed', 'You earned 15 crystals from \"Tidy Bedroom\".', 0, '2026-02-13 20:12:06'),
('e8e4043b-f972-45c6-b519-ebff82e9b06e', '52789d9c-e195-4207-82d6-8f6f7fdd8a5b', 'crystal_earn', 10, 'eba3860f-d7d5-4bcd-8127-ba5da23e5d5d', 'Quest Completed', 'You earned 10 crystals from \"Math Worksheet\".', 0, '2026-02-21 20:12:06'),
('e8eec352-07aa-4899-a221-6a713f50cc75', 'a0f3b228-35be-467c-a394-1400a53945a0', 'quest_failed', 0, '13fb0b3a-5a1e-47da-a340-f79b1703d4f5', 'Quest Failed', 'Your quest \"Practice Piano\" was marked incomplete.', 0, '2026-02-16 20:12:06'),
('eb467e6a-a7d8-4d10-b830-cda510ea251d', 'faba9c3a-667b-44d0-84d3-5e24ac3e417a', 'quest_failed', 0, 'ce2df34e-0cff-4580-9af7-7a54e52ef784', 'Quest Failed', 'Your quest \"Bedtime Prep\" was marked incomplete.', 0, '2026-02-20 20:12:06'),
('ebe0b8b7-0b39-4d48-b649-280d05ee061d', '709f021f-ac68-4c01-a3c6-98b6368fae25', 'quest_failed', 0, '10d6d215-3d4e-4193-aa83-8a3bebc42890', 'Quest Failed', 'Your quest \"Word Practice\" was marked incomplete.', 0, '2026-02-17 20:12:06'),
('ec98cf96-7a47-46ec-9581-70b6d17f328b', 'a0f3b228-35be-467c-a394-1400a53945a0', 'quest_failed', 0, 'e991e43d-440f-44d3-aa53-9b0d8728fe10', 'Quest Failed', 'Your quest \"Tidy Bedroom\" was marked incomplete.', 0, '2026-02-18 20:12:06'),
('ed68c9d6-d135-4dfb-ae89-361996df6cb0', '53a357f5-b4e2-45be-ae9b-fd7242889538', 'wish_accepted', 0, '52059eb3-3957-4161-9039-fc5a0c552b6b', 'Wish Accepted', 'Wish for Boy was accepted on 2026-02-06.', 0, '2026-02-06 04:55:02'),
('edbc68df-0010-459b-8ef8-bc949a6fe0d9', '52789d9c-e195-4207-82d6-8f6f7fdd8a5b', 'crystal_earn', 6, 'c9d26484-ef62-4100-add9-64ebc5750622', 'Quest Completed', 'You earned 6 crystals from \"Journal Entry\".', 0, '2026-02-18 20:12:06'),
('ee9458c0-0038-438f-bd76-801ea4664139', '600f9b09-6922-4b6d-8ac4-32d909a9441d', 'quest_failed', 0, '79f2997a-ea01-44d3-a05a-e356bf8aab34', 'Quest Failed', 'Your quest \"Room Sweep\" was marked incomplete.', 0, '2026-02-15 20:12:06'),
('eefe247c-aaef-4131-83ec-5596f148d141', '89d2f542-171d-4ee9-9a6d-d9189c77cf35', 'quest_failed', 0, '9945b914-86c9-43b8-b6f3-647716ea1d80', 'Quest Failed', 'Your quest \"Stretch Routine\" was marked incomplete.', 0, '2026-02-17 20:12:06'),
('effc2ff5-f321-41b5-b22b-1f180856c61f', '933844a1-c837-4a09-862a-800d538d67c1', 'crystal_earn', 15, '5be93f0d-48a5-4d15-bb27-f7e964eea13a', 'Quest Completed', 'You earned 15 crystals from \"Tidy Bedroom\".', 0, '2026-02-20 20:12:06'),
('f2155a70-f3b6-41cc-8171-808443f24db1', 'a0f3b228-35be-467c-a394-1400a53945a0', 'crystal_earn', 10, '4e74f67b-ed69-4bff-9aaa-13b390f31274', 'Quest Completed', 'You earned 10 crystals from \"Family Workout\".', 0, '2026-02-18 20:12:06'),
('f3d46e5d-d645-4f4c-995c-8542120c9a2f', '89d2f542-171d-4ee9-9a6d-d9189c77cf35', 'quest_failed', 0, '7b5f1d2a-182a-4919-8310-a9618bb84f2c', 'Quest Failed', 'Your quest \"Read Story\" was marked incomplete.', 0, '2026-02-13 20:12:06'),
('f47af223-d560-4780-af35-5fa1f294548c', 'a0f3b228-35be-467c-a394-1400a53945a0', 'crystal_earn', 12, '50117178-0793-4fee-bc08-26b2385d9b4f', 'Quest Completed', 'You earned 12 crystals from \"Morning Reading\".', 0, '2026-02-13 20:12:06'),
('f5db441b-fa36-4141-8097-b84bca1435fe', 'faba9c3a-667b-44d0-84d3-5e24ac3e417a', 'quest_failed', 0, 'ce93bf0b-281c-4efd-bdf7-8b7071a5ba78', 'Quest Failed', 'Your quest \"Bedtime Prep\" was marked incomplete.', 0, '2026-02-19 20:12:06'),
('f5f6d042-7404-4abe-84b0-85fe71885918', 'faba9c3a-667b-44d0-84d3-5e24ac3e417a', 'quest_failed', 0, 'fbd1fc62-b7c3-4fe9-a22b-cc3c22ac12c5', 'Quest Failed', 'Your quest \"Room Sweep\" was marked incomplete.', 0, '2026-02-15 20:12:06'),
('f66df04e-f74d-4281-9a58-0ea25f52feb8', '53a357f5-b4e2-45be-ae9b-fd7242889538', 'crystal_spend', 1, 'be00e383-0cd7-4c89-9609-c564c3a9808e', 'Reward Purchased', 'You spent 1 crystals on \"toy\".', 0, '2026-02-09 01:36:14'),
('f99bc8e9-b5c8-4345-8ca0-f02547de7a1a', 'faba9c3a-667b-44d0-84d3-5e24ac3e417a', 'quest_failed', 0, '3dc64c33-2abe-4bda-8bed-c02bb240fdac', 'Quest Failed', 'Your quest \"Water Plants\" was marked incomplete.', 0, '2026-02-20 20:12:06'),
('fa62c94c-1521-4f54-b663-5cccdcc4db80', 'a0f3b228-35be-467c-a394-1400a53945a0', 'crystal_earn', 8, '1c2257a8-fb22-48ed-b549-8dc55da66862', 'Quest Completed', 'You earned 8 crystals from \"Practice Piano\".', 0, '2026-02-20 20:12:06'),
('faeeceba-1fd1-4a87-805e-7a681ad5daa6', '53a357f5-b4e2-45be-ae9b-fd7242889538', 'crystal_spend', 1, '20871e60-44b7-485d-a53d-c27ecc805694', 'Reward Purchased', 'You spent 1 crystals on \"5345345\".', 0, '2026-02-19 01:17:16'),
('fb0cf895-9c53-471a-9dd5-6f2db094dadd', '89d2f542-171d-4ee9-9a6d-d9189c77cf35', 'crystal_earn', 8, '3b182d10-d43c-4ed1-a38e-1964c97374af', 'Quest Completed', 'You earned 8 crystals from \"Set Table\".', 0, '2026-02-17 20:12:06'),
('fcab745f-6b5f-4e96-bbe4-3305b1f0f37e', 'faba9c3a-667b-44d0-84d3-5e24ac3e417a', 'crystal_spend', 11, '5628e729-1da1-4fc2-acd1-1233e1ab9fdd', 'Reward Purchased', 'You spent 11 crystals on \"Drawing Pack\".', 0, '2026-02-22 20:12:08'),
('ffc14dcc-22fc-4b3e-9107-52f1941bc7e9', '709f021f-ac68-4c01-a3c6-98b6368fae25', 'quest_failed', 0, 'f743855d-746a-4628-986b-ceef6f4e74e5', 'Quest Failed', 'Your quest \"Word Practice\" was marked incomplete.', 0, '2026-02-20 20:12:06');

-- --------------------------------------------------------

--
-- Table structure for table `quest_definitions`
--

CREATE TABLE `quest_definitions` (
  `id` char(36) NOT NULL,
  `family_id` char(36) NOT NULL,
  `name` varchar(120) NOT NULL,
  `description` text DEFAULT NULL,
  `base_crystals` int(11) NOT NULL DEFAULT 0,
  `category` enum('housework','study','health','habit','reading','sports','others') NOT NULL,
  `icon` varchar(64) DEFAULT NULL,
  `status` enum('active','archived') NOT NULL DEFAULT 'active',
  `created_at` datetime NOT NULL DEFAULT current_timestamp()
) ENGINE=InnoDB DEFAULT CHARSET=utf8mb4 COLLATE=utf8mb4_unicode_ci;

--
-- Dumping data for table `quest_definitions`
--

INSERT INTO `quest_definitions` (`id`, `family_id`, `name`, `description`, `base_crystals`, `category`, `icon`, `status`, `created_at`) VALUES
('0a41243d-e120-4424-aa5e-12936d9c9b82', '7fdf1f0f-9ea2-4378-8ea9-adc9575d745b', 'Room Sweep', 'Sweep bedroom floor.', 7, 'housework', NULL, 'active', '2026-02-07 12:00:00'),
('0d9146fd-455f-40d0-accd-b5b93dfd88e8', 'a7c631f8-1f35-4209-9430-71ddd60d9acd', 'Journal Entry', 'Write 5 lines.', 6, 'others', NULL, 'active', '2026-02-15 14:00:00'),
('14789c2e-4c03-4058-8f9d-dccc11b870db', '09ba9399-ce6f-41f1-9155-58dc34ba954c', 's3', NULL, 0, 'sports', NULL, 'active', '2026-02-04 22:24:53'),
('16861a25-febe-4773-b31b-3a83ca7feeeb', 'a7c631f8-1f35-4209-9430-71ddd60d9acd', 'Walk Outside', 'Walk for 20 minutes.', 7, 'health', NULL, 'active', '2026-02-15 13:00:00'),
('20205e50-a82b-419a-8e58-6258dab23c6e', '694f769f-c1fb-498c-9a94-db0502f95e39', 'Word Practice', 'Write 10 new words.', 10, 'study', NULL, 'active', '2026-02-10 14:00:00'),
('2d88bac7-4d86-492f-beb3-32b17f970d20', '09ba9399-ce6f-41f1-9155-58dc34ba954c', 'clean up', NULL, 10, 'housework', NULL, 'active', '2026-02-04 19:58:12'),
('36d8e553-a6be-4182-8ba9-08dc1a19455f', '09ba9399-ce6f-41f1-9155-58dc34ba954c', '123', '123', 1, 'housework', NULL, 'active', '2026-02-13 03:29:10'),
('44f626ec-ebfc-4b12-9797-e8699ea6d76a', '694f769f-c1fb-498c-9a94-db0502f95e39', 'Set Table', 'Prepare table before dinner.', 8, 'housework', NULL, 'active', '2026-02-10 12:00:00'),
('4760f28d-2705-43f3-be12-7d6bd00ec847', '09ba9399-ce6f-41f1-9155-58dc34ba954c', 'test', NULL, 30, 'health', NULL, 'active', '2026-01-28 03:55:51'),
('4c903ec2-d668-411c-9e95-6277a545300f', '5455ad4d-1dce-4f46-90ae-9355e8cbc5cc', 'Family Workout', '15-minute exercise session.', 10, 'health', NULL, 'active', '2026-02-12 13:00:00'),
('4ef5b1b4-8204-4f05-bd27-3792bdf47023', '91d388d2-14cb-4367-a414-70fce80e1b55', 'Health test 1', 'This is healthe test 1', 2, 'health', NULL, 'active', '2026-02-22 22:37:31'),
('4f844f06-ac19-46a4-b04a-3e5ead812b31', '09ba9399-ce6f-41f1-9155-58dc34ba954c', 'english', NULL, 50, 'study', NULL, 'active', '2026-01-28 03:16:54'),
('53789094-92da-4c85-9379-e8d18e8c74b8', '91d388d2-14cb-4367-a414-70fce80e1b55', 'Housework test 1', 'This is house work test 1', 1, 'housework', NULL, 'active', '2026-02-22 22:36:54'),
('58e3c9d3-d790-4bb1-ac59-695572031d81', '09ba9399-ce6f-41f1-9155-58dc34ba954c', 's2', NULL, 100, 'sports', NULL, 'active', '2026-01-28 03:17:19'),
('69a8ec65-343c-44f8-b16c-f70ae98a1793', '09ba9399-ce6f-41f1-9155-58dc34ba954c', 'dish', NULL, 100, 'housework', NULL, 'active', '2026-01-28 03:17:00'),
('7179b4c7-dbb9-4055-9695-9de4461d1d98', '694f769f-c1fb-498c-9a94-db0502f95e39', 'Stretch Routine', '10-minute stretch routine.', 7, 'health', NULL, 'active', '2026-02-10 13:00:00'),
('72567089-d6e1-4233-9419-c3036ea118e5', '7fdf1f0f-9ea2-4378-8ea9-adc9575d745b', 'Water Plants', 'Water home plants.', 5, 'others', NULL, 'active', '2026-02-07 14:00:00'),
('7aa59b25-a19d-4967-945b-474398d5c6fa', '91d388d2-14cb-4367-a414-70fce80e1b55', 'Sport test p1', 'This is sport quest test from parent 2', 99, 'sports', NULL, 'active', '2026-02-22 23:53:25'),
('7b40a625-441d-43cf-9242-491bfd9b0362', '09ba9399-ce6f-41f1-9155-58dc34ba954c', '41234', '512345', 2, 'housework', NULL, 'active', '2026-02-10 02:22:38'),
('7dffaaab-0818-4f2c-a9cc-43b7fc9ac0cb', '5455ad4d-1dce-4f46-90ae-9355e8cbc5cc', 'Tidy Bedroom', 'Clean and organize bedroom.', 15, 'housework', NULL, 'active', '2026-02-12 12:00:00'),
('8931fceb-f0f2-490a-9cc7-6a45ad904204', '09ba9399-ce6f-41f1-9155-58dc34ba954c', 'ot3', NULL, 1, 'others', NULL, 'active', '2026-02-12 00:43:38'),
('8c71fd43-2f0d-4cb4-aa09-98818900f5d8', '91d388d2-14cb-4367-a414-70fce80e1b55', 'Study test 1', 'This is tudy test 1', 1, 'study', NULL, 'active', '2026-02-22 22:37:09'),
('8e30cf27-454b-48a5-900a-5bcd3616a6e9', '09ba9399-ce6f-41f1-9155-58dc34ba954c', 'chrismas decoration', NULL, 70, 'others', NULL, 'active', '2026-01-28 03:18:12'),
('94ef4b55-1709-41e9-bde3-5d9ae3e32620', '09ba9399-ce6f-41f1-9155-58dc34ba954c', '45', '5', 6, 'housework', NULL, 'active', '2026-02-13 03:29:18'),
('972f82ef-3ce8-48b4-a6f6-d1d6b65dc8ed', '09ba9399-ce6f-41f1-9155-58dc34ba954c', 'habit 1', NULL, 50, 'habit', NULL, 'archived', '2026-02-04 22:18:15'),
('9cbafabd-3903-4440-a0c9-abfca029d9fd', 'a7c631f8-1f35-4209-9430-71ddd60d9acd', 'Math Worksheet', 'Complete 1 worksheet.', 10, 'study', NULL, 'active', '2026-02-15 11:00:00'),
('a1c17a63-b7a5-40c8-8bdc-e73c2d016a65', '09ba9399-ce6f-41f1-9155-58dc34ba954c', '6', '6', 7, 'housework', NULL, 'active', '2026-02-13 03:29:24'),
('a456e33b-ebb9-4910-8b51-6eaae438e007', '7fdf1f0f-9ea2-4378-8ea9-adc9575d745b', 'Notebook Review', 'Review class notes.', 8, 'study', NULL, 'active', '2026-02-07 13:00:00'),
('b89b8a76-7311-44cc-a45b-12d38e08a1a2', '09ba9399-ce6f-41f1-9155-58dc34ba954c', 'ott', NULL, 1, 'others', NULL, 'active', '2026-02-12 00:40:32'),
('c2681458-1589-4fe2-9710-169049e18935', '5455ad4d-1dce-4f46-90ae-9355e8cbc5cc', 'Practice Piano', 'Practice 1 song.', 8, 'habit', NULL, 'active', '2026-02-12 14:00:00'),
('c43121bc-80cc-49f7-a6b2-009e7768d404', '09ba9399-ce6f-41f1-9155-58dc34ba954c', 'math', 'math', 10, 'study', NULL, 'active', '2026-01-28 03:16:41'),
('cb996346-407e-45ad-a0ab-b557c9604d0c', '7fdf1f0f-9ea2-4378-8ea9-adc9575d745b', 'Bedtime Prep', 'Put school bag ready.', 6, 'habit', NULL, 'active', '2026-02-07 11:00:00'),
('e1272da5-75a5-4646-b78d-d95021a4aec4', '09ba9399-ce6f-41f1-9155-58dc34ba954c', 'reading 1', NULL, 30, 'reading', NULL, 'active', '2026-02-04 22:20:59'),
('ee2c40f3-83db-4cad-8415-15bb3e7db5dd', '5455ad4d-1dce-4f46-90ae-9355e8cbc5cc', 'Study 1', 'Trail study 1', 50, 'study', NULL, 'active', '2026-02-23 19:19:57'),
('f135cbf1-a546-407e-871d-906cfe076edf', '5455ad4d-1dce-4f46-90ae-9355e8cbc5cc', 'Morning Reading', 'Read for 20 minutes.', 12, 'study', NULL, 'active', '2026-02-12 11:00:00'),
('f9136216-36f6-464d-a55e-446f28f9d03e', '694f769f-c1fb-498c-9a94-db0502f95e39', 'Read Story', 'Read one short story.', 9, 'reading', NULL, 'active', '2026-02-10 11:00:00'),
('ff335f79-c56c-4b00-85eb-2d0bd7ebb96a', 'a7c631f8-1f35-4209-9430-71ddd60d9acd', 'Dish Duty', 'Wash family dishes.', 9, 'housework', NULL, 'active', '2026-02-15 12:00:00');

-- --------------------------------------------------------

--
-- Table structure for table `rewards`
--

CREATE TABLE `rewards` (
  `id` char(36) NOT NULL,
  `family_id` char(36) NOT NULL,
  `name` varchar(50) NOT NULL,
  `description` varchar(120) NOT NULL,
  `icon_key` varchar(32) NOT NULL,
  `price` int(11) NOT NULL,
  `status` enum('active','inactive') NOT NULL DEFAULT 'active',
  `created_at` datetime NOT NULL DEFAULT current_timestamp()
) ENGINE=InnoDB DEFAULT CHARSET=utf8mb4 COLLATE=utf8mb4_unicode_ci;

--
-- Dumping data for table `rewards`
--

INSERT INTO `rewards` (`id`, `family_id`, `name`, `description`, `icon_key`, `price`, `status`, `created_at`) VALUES
('0012e24c-f6f3-44d9-a29e-0ca02bc93558', '09ba9399-ce6f-41f1-9155-58dc34ba954c', '5234', 'Magic Gift', 'gift', 1, 'active', '2026-02-09 02:07:22'),
('01fc0fb5-89cd-4383-9ae0-92c4c788ce6a', '5455ad4d-1dce-4f46-90ae-9355e8cbc5cc', 'Extra Game Time', '+30 minutes game time.', 'game', 22, 'active', '2026-02-12 16:00:00'),
('09e0c95f-e4b1-4c1a-9d4b-392c4a7844e6', 'a7c631f8-1f35-4209-9430-71ddd60d9acd', 'Sticker Pack', 'Get a sticker pack.', 'gift', 16, 'active', '2026-02-15 17:00:00'),
('0ceec034-2f36-4220-8b04-964dda607466', '694f769f-c1fb-498c-9a94-db0502f95e39', 'Playground Visit', 'Extra playground time.', 'sports', 20, 'active', '2026-02-10 16:00:00'),
('11469210-3760-450e-974d-fd1a84b85a93', '5455ad4d-1dce-4f46-90ae-9355e8cbc5cc', 'Toy Voucher', 'Small toy voucher.', 'gift', 30, 'active', '2026-02-12 18:00:00'),
('13db61ce-c1c6-4b89-aa50-8e23b345827e', '09ba9399-ce6f-41f1-9155-58dc34ba954c', 'math', 'Magic Gift', 'sports', 1, 'active', '2026-02-08 06:20:40'),
('20871e60-44b7-485d-a53d-c27ecc805694', '09ba9399-ce6f-41f1-9155-58dc34ba954c', '5345345', 'Magic Gift', 'gift', 1, 'active', '2026-02-09 02:08:06'),
('295902c3-d5ab-4995-8a83-28363238ebe8', '7fdf1f0f-9ea2-4378-8ea9-adc9575d745b', 'Story Choice', 'Choose tonight story.', 'book', 10, 'active', '2026-02-07 17:00:00'),
('2b7396e5-58cb-4726-b3f6-accbf3347b63', '91d388d2-14cb-4367-a414-70fce80e1b55', 'r3', 'r3', 'home', 3, 'active', '2026-02-22 22:38:31'),
('366d5cc7-3e88-44a4-aa92-363c4e8a84cf', '5455ad4d-1dce-4f46-90ae-9355e8cbc5cc', 'gsdfgsdfg', 'Magic Giftgsdfgsdfg', 'music', 6, 'active', '2026-02-23 19:20:53'),
('3f169d36-d855-4d63-8682-1d079ea2074d', '91d388d2-14cb-4367-a414-70fce80e1b55', 'r2', 'Magic r2', 'book', 2, 'active', '2026-02-22 22:38:15'),
('4e6afdb6-8f60-48d4-bbb8-abd1a82dd544', '09ba9399-ce6f-41f1-9155-58dc34ba954c', '52345', 'Magic Gift', 'gift', 1, 'active', '2026-02-09 02:07:56'),
('5628e729-1da1-4fc2-acd1-1233e1ab9fdd', '7fdf1f0f-9ea2-4378-8ea9-adc9575d745b', 'Drawing Pack', 'Use special drawing set.', 'gift', 11, 'active', '2026-02-07 15:00:00'),
('5d265a70-7bbb-464b-b80f-99ff1e31bd91', 'a7c631f8-1f35-4209-9430-71ddd60d9acd', 'Weekend Choice', 'Pick one weekend activity.', 'gift', 25, 'active', '2026-02-15 18:00:00'),
('6d360f59-ebae-4811-8ab5-e10e27a22246', '5455ad4d-1dce-4f46-90ae-9355e8cbc5cc', 'Favorite Snack', 'Pick one snack.', 'snack', 12, 'active', '2026-02-12 17:00:00'),
('76c39942-925e-4a72-9430-fdc102f7dace', '7fdf1f0f-9ea2-4378-8ea9-adc9575d745b', 'Weekend Badge', 'Earn weekend badge.', 'star', 16, 'active', '2026-02-07 18:00:00'),
('7914d642-4858-48cb-a2c8-c6a7db51c381', 'a7c631f8-1f35-4209-9430-71ddd60d9acd', 'Sweet Treat', 'Choose one dessert.', 'snack', 10, 'active', '2026-02-15 16:00:00'),
('86d1c00e-c32a-43b2-8c83-cb304e73f4aa', '91d388d2-14cb-4367-a414-70fce80e1b55', 'RP1', 'Magic rp1', 'music', 1, 'active', '2026-02-22 23:52:12'),
('8e04f647-02c4-4df5-a09c-4c6667ca99ec', '5455ad4d-1dce-4f46-90ae-9355e8cbc5cc', 'Movie Night', 'Choose tonight\'s movie.', 'gift', 18, 'active', '2026-02-12 15:00:00'),
('936562d4-4f54-4322-aa15-3f3209b5fe9e', '09ba9399-ce6f-41f1-9155-58dc34ba954c', '342345', 'Magic Gift', 'gift', 5, 'active', '2026-02-09 02:07:29'),
('942348ed-6ccd-480b-b7d3-ac0ea10efe96', '09ba9399-ce6f-41f1-9155-58dc34ba954c', '123123', 'Magic Gift', 'gift', 123, 'active', '2026-02-09 02:07:19'),
('a22e7a2a-c60a-4257-959a-f5d2e758f897', '7fdf1f0f-9ea2-4378-8ea9-adc9575d745b', 'Fruit Bowl', 'Pick favorite fruit.', 'snack', 8, 'active', '2026-02-07 16:00:00'),
('ada784e1-8ee1-49cb-9b4c-986dfe26cc67', '09ba9399-ce6f-41f1-9155-58dc34ba954c', 'screen time', 'Magic Gift', 'gift', 50, 'active', '2026-02-04 18:00:39'),
('bdf885ee-5c5b-44a6-8d20-51ed50a09c8a', '694f769f-c1fb-498c-9a94-db0502f95e39', 'Mini Toy', 'Small surprise toy.', 'gift', 18, 'active', '2026-02-10 18:00:00'),
('be00e383-0cd7-4c89-9609-c564c3a9808e', '09ba9399-ce6f-41f1-9155-58dc34ba954c', 'toy', 'Magic Gift', 'gift', 1, 'active', '2026-02-04 20:00:15'),
('be649498-4032-42cb-8c8a-86aeb27333b7', '694f769f-c1fb-498c-9a94-db0502f95e39', 'Juice Treat', 'Choose one juice.', 'snack', 9, 'active', '2026-02-10 17:00:00'),
('d66fddf9-4eca-4ca4-b61c-f0e6109c81b3', '09ba9399-ce6f-41f1-9155-58dc34ba954c', 'ssss', 'Magic Gift', 'snack', 5, 'active', '2026-02-08 06:20:22'),
('def0e80a-915a-4c91-9976-4ce8082a653a', '91d388d2-14cb-4367-a414-70fce80e1b55', 'r1', 'r1', 'gift', 1, 'active', '2026-02-22 22:38:01'),
('e563f101-e912-42d5-b8de-a3c1eabdbf02', '694f769f-c1fb-498c-9a94-db0502f95e39', 'Music Time', 'Pick songs for 20 minutes.', 'music', 13, 'active', '2026-02-10 15:00:00'),
('ed7f066f-0889-4476-9daf-a4d5d868f000', 'a7c631f8-1f35-4209-9430-71ddd60d9acd', 'Cartoon Time', 'Watch one cartoon episode.', 'game', 14, 'active', '2026-02-15 15:00:00'),
('f286921c-46c8-4513-8838-07108e2726f7', '09ba9399-ce6f-41f1-9155-58dc34ba954c', '666', 'Magic Gift', 'gift', 1, 'inactive', '2026-02-09 02:08:01'),
('fe8e5223-e2c3-4c5a-a661-e794b69b9af5', '09ba9399-ce6f-41f1-9155-58dc34ba954c', '456', 'Magic Gift', 'game', 2, 'active', '2026-02-13 02:58:28');

-- --------------------------------------------------------

--
-- Table structure for table `reward_child_assignments`
--

CREATE TABLE `reward_child_assignments` (
  `id` char(36) NOT NULL,
  `reward_id` char(36) NOT NULL,
  `child_id` char(36) NOT NULL,
  `quantity` int(11) NOT NULL DEFAULT 0,
  `created_at` datetime NOT NULL DEFAULT current_timestamp(),
  `updated_at` datetime NOT NULL DEFAULT current_timestamp() ON UPDATE current_timestamp()
) ENGINE=InnoDB DEFAULT CHARSET=utf8mb4 COLLATE=utf8mb4_unicode_ci;

--
-- Dumping data for table `reward_child_assignments`
--

INSERT INTO `reward_child_assignments` (`id`, `reward_id`, `child_id`, `quantity`, `created_at`, `updated_at`) VALUES
('04883a12-985b-4393-b601-d7be1d267519', 'e563f101-e912-42d5-b8de-a3c1eabdbf02', '709f021f-ac68-4c01-a3c6-98b6368fae25', 1, '2026-02-22 20:12:08', '2026-02-22 20:12:08'),
('0feba19e-0188-11f1-8634-60cf8463714e', 'ada784e1-8ee1-49cb-9b4c-986dfe26cc67', '53a357f5-b4e2-45be-ae9b-fd7242889538', 3, '2026-02-04 18:13:12', '2026-02-19 01:17:06'),
('2024b142-df4b-4565-b51f-2a1442e47cdd', '295902c3-d5ab-4995-8a83-28363238ebe8', 'faba9c3a-667b-44d0-84d3-5e24ac3e417a', 3, '2026-02-22 20:12:08', '2026-02-22 20:12:08'),
('2080e769-a745-4469-9900-af40aafbc9bd', '09e0c95f-e4b1-4c1a-9d4b-392c4a7844e6', '52789d9c-e195-4207-82d6-8f6f7fdd8a5b', 3, '2026-02-22 20:12:07', '2026-02-22 20:12:07'),
('21980b2d-79e3-481f-b718-80fa1448c4c1', '5628e729-1da1-4fc2-acd1-1233e1ab9fdd', '600f9b09-6922-4b6d-8ac4-32d909a9441d', 1, '2026-02-22 20:12:08', '2026-02-22 20:12:08'),
('22e5aa36-d850-45c7-9287-da458d7edf04', '6d360f59-ebae-4811-8ab5-e10e27a22246', 'a0f3b228-35be-467c-a394-1400a53945a0', 5, '2026-02-22 20:12:06', '2026-02-23 19:23:31'),
('29308347-ab16-4fc0-98fe-a79a67e216f3', '01fc0fb5-89cd-4383-9ae0-92c4c788ce6a', 'a0f3b228-35be-467c-a394-1400a53945a0', 4, '2026-02-22 20:12:06', '2026-02-22 20:12:06'),
('3146aaef-df10-4b2c-91a0-dfb168d6a172', 'be649498-4032-42cb-8c8a-86aeb27333b7', '89d2f542-171d-4ee9-9a6d-d9189c77cf35', 3, '2026-02-22 20:12:07', '2026-02-22 20:12:07'),
('401ed92f-311d-4b7f-bd60-43cfdc396d31', '295902c3-d5ab-4995-8a83-28363238ebe8', '600f9b09-6922-4b6d-8ac4-32d909a9441d', 3, '2026-02-22 20:12:08', '2026-02-22 20:12:08'),
('4199557a-a0a5-464e-a721-e479dbb55703', 'be649498-4032-42cb-8c8a-86aeb27333b7', '709f021f-ac68-4c01-a3c6-98b6368fae25', 3, '2026-02-22 20:12:08', '2026-02-22 20:12:08'),
('41a2a1bc-6d3c-4d6d-ad58-46af4c57b121', '0ceec034-2f36-4220-8b04-964dda607466', '709f021f-ac68-4c01-a3c6-98b6368fae25', 2, '2026-02-22 20:12:08', '2026-02-22 20:12:08'),
('4c591cc9-0fd2-11f1-9bc3-60cf8463714e', '2b7396e5-58cb-4726-b3f6-accbf3347b63', '57b63a08-8c87-4a94-a02c-07d3c71f5ca4', -1, '2026-02-22 22:38:52', '2026-02-22 22:38:52'),
('4db4e97f-0fd2-11f1-9bc3-60cf8463714e', 'def0e80a-915a-4c91-9976-4ce8082a653a', '57b63a08-8c87-4a94-a02c-07d3c71f5ca4', -1, '2026-02-22 22:38:54', '2026-02-22 22:38:54'),
('4f8b7ae0-0fd2-11f1-9bc3-60cf8463714e', '3f169d36-d855-4d63-8682-1d079ea2074d', 'aefcb8b0-f0dc-4b24-8b93-dd9706e95c1b', -1, '2026-02-22 22:38:57', '2026-02-22 22:38:57'),
('50bc1bdc-0fd2-11f1-9bc3-60cf8463714e', '2b7396e5-58cb-4726-b3f6-accbf3347b63', 'aefcb8b0-f0dc-4b24-8b93-dd9706e95c1b', -1, '2026-02-22 22:38:59', '2026-02-22 22:38:59'),
('5301fab5-0fd2-11f1-9bc3-60cf8463714e', '3f169d36-d855-4d63-8682-1d079ea2074d', 'db350c42-d8a7-430e-ad9c-172702b705cf', -1, '2026-02-22 22:39:03', '2026-02-22 22:39:03'),
('54a9061c-0741-11f1-8634-60cf8463714e', 'f286921c-46c8-4513-8838-07108e2726f7', '53a357f5-b4e2-45be-ae9b-fd7242889538', -1, '2026-02-12 01:02:06', '2026-02-12 01:02:06'),
('68470f45-3ace-43af-ad64-1db3df5c5831', 'e563f101-e912-42d5-b8de-a3c1eabdbf02', '89d2f542-171d-4ee9-9a6d-d9189c77cf35', 1, '2026-02-22 20:12:07', '2026-02-22 20:12:07'),
('705f897d-6773-40c8-8c99-01492c48c05b', '6d360f59-ebae-4811-8ab5-e10e27a22246', '933844a1-c837-4a09-862a-800d538d67c1', 6, '2026-02-22 20:12:07', '2026-02-22 20:12:07'),
('73391282-c5a3-4f8e-82ca-a2a6a7a6ecc4', 'ed7f066f-0889-4476-9daf-a4d5d868f000', 'bd8184d2-29cf-4093-8ecc-87513ce59f93', 1, '2026-02-22 20:12:07', '2026-02-22 20:12:07'),
('79f96002-c7f3-40e7-8215-51e973bc4f42', '7914d642-4858-48cb-a2c8-c6a7db51c381', '52789d9c-e195-4207-82d6-8f6f7fdd8a5b', 2, '2026-02-22 20:12:07', '2026-02-22 20:12:07'),
('7ce2f93c-0259-4e27-b016-8c4a22975c95', 'a22e7a2a-c60a-4257-959a-f5d2e758f897', '600f9b09-6922-4b6d-8ac4-32d909a9441d', 2, '2026-02-22 20:12:08', '2026-02-22 20:12:08'),
('822a8620-0740-11f1-8634-60cf8463714e', '0012e24c-f6f3-44d9-a29e-0ca02bc93558', '53a357f5-b4e2-45be-ae9b-fd7242889538', -1, '2026-02-12 00:56:13', '2026-02-12 00:56:13'),
('83d3a98f-4175-4f3b-9578-c898ac9e2065', '01fc0fb5-89cd-4383-9ae0-92c4c788ce6a', '933844a1-c837-4a09-862a-800d538d67c1', 4, '2026-02-22 20:12:07', '2026-02-22 20:12:07'),
('8f8e2be1-0fdc-11f1-9bc3-60cf8463714e', '86d1c00e-c32a-43b2-8c83-cb304e73f4aa', '57b63a08-8c87-4a94-a02c-07d3c71f5ca4', -1, '2026-02-22 23:52:20', '2026-02-22 23:52:20'),
('98e4f505-f77c-4eec-b82c-9d2e8b64b7e1', '8e04f647-02c4-4df5-a09c-4c6667ca99ec', 'a0f3b228-35be-467c-a394-1400a53945a0', 2, '2026-02-22 20:12:06', '2026-02-22 20:12:06'),
('9cfc3ba5-0fdc-11f1-9bc3-60cf8463714e', '86d1c00e-c32a-43b2-8c83-cb304e73f4aa', 'db350c42-d8a7-430e-ad9c-172702b705cf', -1, '2026-02-22 23:52:42', '2026-02-22 23:52:42'),
('afe6ef1a-0740-11f1-8634-60cf8463714e', '942348ed-6ccd-480b-b7d3-ac0ea10efe96', '53a357f5-b4e2-45be-ae9b-fd7242889538', -1, '2026-02-12 00:57:30', '2026-02-12 00:57:30'),
('b38b4d69-0740-11f1-8634-60cf8463714e', '20871e60-44b7-485d-a53d-c27ecc805694', '53a357f5-b4e2-45be-ae9b-fd7242889538', -1, '2026-02-12 00:57:36', '2026-02-12 00:57:36'),
('bcb49907-70a6-4d94-94c0-b30192e70642', '7914d642-4858-48cb-a2c8-c6a7db51c381', 'bd8184d2-29cf-4093-8ecc-87513ce59f93', 2, '2026-02-22 20:12:07', '2026-02-22 20:12:07'),
('cd432e88-1c86-4662-992c-b7184b380825', '09e0c95f-e4b1-4c1a-9d4b-392c4a7844e6', 'bd8184d2-29cf-4093-8ecc-87513ce59f93', 3, '2026-02-22 20:12:07', '2026-02-22 20:12:07'),
('ce36ab55-dc23-4e5e-814b-0f0bdf07bda6', '0ceec034-2f36-4220-8b04-964dda607466', '89d2f542-171d-4ee9-9a6d-d9189c77cf35', 2, '2026-02-22 20:12:07', '2026-02-22 20:12:07'),
('d0c0fb17-acd3-414d-a7cb-b7157aa11c23', '5628e729-1da1-4fc2-acd1-1233e1ab9fdd', 'faba9c3a-667b-44d0-84d3-5e24ac3e417a', 1, '2026-02-22 20:12:08', '2026-02-22 20:12:08'),
('df98191c-107f-11f1-9bc3-60cf8463714e', '366d5cc7-3e88-44a4-aa92-363c4e8a84cf', 'a0f3b228-35be-467c-a394-1400a53945a0', -1, '2026-02-23 19:21:23', '2026-02-23 19:21:23'),
('e4b802ff-56ef-445e-91e8-cd4c4767f5ae', 'ed7f066f-0889-4476-9daf-a4d5d868f000', '52789d9c-e195-4207-82d6-8f6f7fdd8a5b', 1, '2026-02-22 20:12:07', '2026-02-22 20:12:07'),
('e6998b99-1d37-4451-84a4-ac05e5c46c89', '8e04f647-02c4-4df5-a09c-4c6667ca99ec', '933844a1-c837-4a09-862a-800d538d67c1', 2, '2026-02-22 20:12:07', '2026-02-22 20:12:07'),
('ff267c40-2cb3-48dd-a7d2-29b94afb9924', 'a22e7a2a-c60a-4257-959a-f5d2e758f897', 'faba9c3a-667b-44d0-84d3-5e24ac3e417a', 2, '2026-02-22 20:12:08', '2026-02-22 20:12:08');

-- --------------------------------------------------------

--
-- Table structure for table `sessions`
--

CREATE TABLE `sessions` (
  `session_id` varchar(255) NOT NULL,
  `user_id` char(36) DEFAULT NULL,
  `data` text NOT NULL,
  `expires` int(11) NOT NULL,
  `created_at` datetime NOT NULL DEFAULT current_timestamp()
) ENGINE=InnoDB DEFAULT CHARSET=utf8mb4 COLLATE=utf8mb4_unicode_ci COMMENT='用户会话表';

--
-- Dumping data for table `sessions`
--

INSERT INTO `sessions` (`session_id`, `user_id`, `data`, `expires`, `created_at`) VALUES
('Aa_zDaGqAHFdtRga5KoBTMJ1JWtgcQZK', '53a357f5-b4e2-45be-ae9b-fd7242889538', '{\"cookie\":{\"originalMaxAge\":2592000000,\"expires\":\"2026-03-10T12:36:14.854Z\",\"httpOnly\":true,\"path\":\"/\"},\"user\":{\"id\":\"53a357f5-b4e2-45be-ae9b-fd7242889538\",\"name\":\"HWFJ_boy\",\"email\":null,\"familyId\":\"09ba9399-ce6f-41f1-9155-58dc34ba954c\",\"familyCode\":\"HWFJ\",\"role\":\"child\",\"isAdmin\":false,\"nickname\":\"Boy\",\"isInitialPassword\":false,\"crystalBalance\":56},\"showLoginSuccess\":true}', 1773205569, '2026-02-04 18:01:15'),
('Gg-9Ec4k1CnHfgR0XonrMvIru2UfMote', NULL, '{\"cookie\":{\"originalMaxAge\":86400000,\"expires\":\"2026-02-23T11:16:35.450Z\",\"httpOnly\":true,\"path\":\"/\"},\"adminUser\":{\"id\":\"ad644e63-9862-429a-8e52-8707eb2ae39e\",\"name\":\"admin\",\"role\":\"system_admin\",\"isAdmin\":true,\"isSystemAdmin\":true}}', 1771866509, '2026-02-23 00:16:35'),
('K8uds9-ANMT1LtO9KJrJQTNcMDHGNOwF', '3265a96e-c49d-4f2a-9712-1db566ba3b6d', '{\"cookie\":{\"originalMaxAge\":2592000000,\"expires\":\"2026-02-27T06:57:34.601Z\",\"httpOnly\":true,\"path\":\"/\"},\"user\":{\"id\":\"3265a96e-c49d-4f2a-9712-1db566ba3b6d\",\"name\":\"HWFJ_han\",\"email\":null,\"familyId\":\"09ba9399-ce6f-41f1-9155-58dc34ba954c\",\"familyCode\":\"HWFJ\",\"role\":\"parent\",\"isAdmin\":true,\"nickname\":\"han\",\"isInitialPassword\":false},\"showLoginSuccess\":true}', 1772226023, '2026-01-28 14:57:34'),
('LvXl7TCTwMjMYR9jtfAJUwL-TZ4qT9bc', '53a357f5-b4e2-45be-ae9b-fd7242889538', '{\"cookie\":{\"originalMaxAge\":2592000000,\"expires\":\"2026-02-27T15:23:10.176Z\",\"httpOnly\":true,\"path\":\"/\"},\"user\":{\"id\":\"53a357f5-b4e2-45be-ae9b-fd7242889538\",\"name\":\"HWFJ_boy\",\"email\":null,\"familyId\":\"09ba9399-ce6f-41f1-9155-58dc34ba954c\",\"familyCode\":\"HWFJ\",\"role\":\"child\",\"isAdmin\":false,\"nickname\":\"Boy\",\"isInitialPassword\":false},\"showLoginSuccess\":true}', 1772205792, '2026-01-28 23:23:10'),
('vfASnhz0Tgaj22SK5eoxBid2Td8weatm', '57b63a08-8c87-4a94-a02c-07d3c71f5ca4', '{\"cookie\":{\"originalMaxAge\":2592000000,\"expires\":\"2026-03-24T11:03:52.981Z\",\"httpOnly\":true,\"path\":\"/\"},\"user\":{\"id\":\"57b63a08-8c87-4a94-a02c-07d3c71f5ca4\",\"name\":\"TF01_child1\",\"email\":null,\"familyId\":\"91d388d2-14cb-4367-a414-70fce80e1b55\",\"familyCode\":\"TF01\",\"role\":\"child\",\"isAdmin\":false,\"nickname\":\"kid1\",\"isInitialPassword\":false,\"crystalBalance\":92},\"showLoginSuccess\":true}', 1774350610, '2026-02-23 00:01:12'),
('VgRZqxphq_2-sMXCHaIgAIQuZLKoDv9R', '06bd21fd-5a5d-4639-8d74-34d162a1232a', '{\"cookie\":{\"originalMaxAge\":2592000000,\"expires\":\"2026-03-25T06:29:40.272Z\",\"httpOnly\":true,\"path\":\"/\"},\"user\":{\"id\":\"06bd21fd-5a5d-4639-8d74-34d162a1232a\",\"name\":\"AR01_parent\",\"email\":null,\"familyId\":\"5455ad4d-1dce-4f46-90ae-9355e8cbc5cc\",\"familyCode\":\"AR01\",\"role\":\"parent\",\"isAdmin\":true,\"nickname\":\"Auror\",\"isInitialPassword\":false,\"crystalBalance\":0},\"showLoginSuccess\":true}', 1774421354, '2026-02-23 19:29:40'),
('VnBkeyFUBLAkglGuvE7y8aQveSFPD9sZ', NULL, '{\"cookie\":{\"originalMaxAge\":86400000,\"expires\":\"2026-02-23T17:27:30.227Z\",\"httpOnly\":true,\"path\":\"/\"},\"adminUser\":{\"id\":\"ad644e63-9862-429a-8e52-8707eb2ae39e\",\"name\":\"admin\",\"role\":\"system_admin\",\"isAdmin\":true,\"isSystemAdmin\":true}}', 1771916160, '2026-02-23 06:27:30'),
('wTLM-i_sM5yqyT4JOz65XZsQMw7xIbiY', 'a0f3b228-35be-467c-a394-1400a53945a0', '{\"cookie\":{\"originalMaxAge\":2592000000,\"expires\":\"2026-03-25T06:29:51.344Z\",\"httpOnly\":true,\"path\":\"/\"},\"user\":{\"id\":\"a0f3b228-35be-467c-a394-1400a53945a0\",\"name\":\"AR01_kid1\",\"email\":null,\"familyId\":\"5455ad4d-1dce-4f46-90ae-9355e8cbc5cc\",\"familyCode\":\"AR01\",\"role\":\"child\",\"isAdmin\":false,\"nickname\":\"Luna\",\"isInitialPassword\":false,\"crystalBalance\":317},\"showLoginSuccess\":true}', 1774421284, '2026-02-23 19:28:56');

-- --------------------------------------------------------

--
-- Table structure for table `system_admins`
--

CREATE TABLE `system_admins` (
  `id` char(36) NOT NULL,
  `username` varchar(100) NOT NULL,
  `password_hash` varchar(255) NOT NULL,
  `status` enum('active','disabled') NOT NULL DEFAULT 'active',
  `last_login_at` datetime DEFAULT NULL,
  `created_at` datetime NOT NULL DEFAULT current_timestamp(),
  `updated_at` datetime NOT NULL DEFAULT current_timestamp() ON UPDATE current_timestamp()
) ENGINE=InnoDB DEFAULT CHARSET=utf8mb4 COLLATE=utf8mb4_unicode_ci;

--
-- Dumping data for table `system_admins`
--

INSERT INTO `system_admins` (`id`, `username`, `password_hash`, `status`, `last_login_at`, `created_at`, `updated_at`) VALUES
('ad644e63-9862-429a-8e52-8707eb2ae39e', 'admin', '$2a$10$sBMTex2.d/IINd.Ec0gGb.H5T/kv1bJg22bnhzzA.AEb.6ipn9ZFu', 'active', '2026-02-23 06:27:30', '2026-02-21 23:10:15', '2026-02-23 06:27:30');

-- --------------------------------------------------------

--
-- Table structure for table `users`
--

CREATE TABLE `users` (
  `id` char(36) NOT NULL,
  `family_id` char(36) NOT NULL,
  `username` varchar(150) NOT NULL,
  `password_hash` varchar(255) NOT NULL,
  `nickname` varchar(100) DEFAULT NULL,
  `role` enum('parent','child') NOT NULL DEFAULT 'child',
  `is_admin` tinyint(1) NOT NULL DEFAULT 0,
  `status` enum('active','disabled') NOT NULL DEFAULT 'active',
  `crystal_balance` int(11) NOT NULL DEFAULT 0,
  `disabled_at` datetime DEFAULT NULL,
  `delete_after` datetime DEFAULT NULL,
  `is_initial_password` tinyint(1) NOT NULL DEFAULT 1,
  `created_at` datetime NOT NULL DEFAULT current_timestamp()
) ENGINE=InnoDB DEFAULT CHARSET=utf8mb4 COLLATE=utf8mb4_unicode_ci COMMENT='用户表';

--
-- Dumping data for table `users`
--

INSERT INTO `users` (`id`, `family_id`, `username`, `password_hash`, `nickname`, `role`, `is_admin`, `status`, `crystal_balance`, `disabled_at`, `delete_after`, `is_initial_password`, `created_at`) VALUES
('06bd21fd-5a5d-4639-8d74-34d162a1232a', '5455ad4d-1dce-4f46-90ae-9355e8cbc5cc', 'AR01_parent', '$2a$10$.LstruX7/v/61CVUsBwYvefgshyj73e9rXLl9TfefSZZB/JHPu7o6', 'Auror', 'parent', 1, 'active', 0, NULL, NULL, 0, '2026-02-12 09:05:00'),
('08dc5fe3-c9b0-456c-be1d-71a3dc543687', '5455ad4d-1dce-4f46-90ae-9355e8cbc5cc', 'AR01_child4', '$2a$10$dEcIqnfMKRayWpEc3AehueoNcm1WGtWr4Ld8cP55JKTcXxh4kBBLq', 'NICKNAME', 'child', 0, 'active', 0, NULL, NULL, 1, '2026-02-23 00:18:43'),
('294a4063-59d9-4609-a29a-84645a9b926a', '7fdf1f0f-9ea2-4378-8ea9-adc9575d745b', 'CD04_parent', '$2a$10$FBLT8cU4AXUgnoBu8mf1eOmo./Wj3xb4O4Q6dmEkNH2rfpX9hy2NO', 'Cedar Parent', 'parent', 1, 'active', 0, NULL, NULL, 0, '2026-02-07 09:05:00'),
('3265a96e-c49d-4f2a-9712-1db566ba3b6d', '09ba9399-ce6f-41f1-9155-58dc34ba954c', 'HWFJ_han', '$2a$10$eraCoKCJtEYbpp0og8XAg.tBuXBIIdyM9S2HVC5vkY/OreR1Xzthi', 'han', 'parent', 1, 'active', 0, NULL, NULL, 0, '2026-01-28 01:23:12'),
('40670148-197f-44b0-b96e-384133c95a44', '09ba9399-ce6f-41f1-9155-58dc34ba954c', 'HWFJ_mum', '$2a$10$3ttAeePWoSxSlRGf5z5GUOcGxGU0c6LmEoLPcpxhVD2WTAnqx/Cxq', 'NICKNAME', 'parent', 0, 'active', 0, NULL, NULL, 0, '2026-01-28 14:55:45'),
('4ff82206-eefc-49c2-8bfe-278c9305cbcd', '694f769f-c1fb-498c-9a94-db0502f95e39', 'RV03_parent', '$2a$10$FB/xJleOGUc5DALliDvATOki/jCGvKctpLgSuoBT6cGX0tuXdtNEO', 'River Parent', 'parent', 1, 'active', 0, NULL, NULL, 0, '2026-02-10 09:05:00'),
('52789d9c-e195-4207-82d6-8f6f7fdd8a5b', 'a7c631f8-1f35-4209-9430-71ddd60d9acd', 'MD02_kid_a', '$2a$10$Pmfv8GrgUE1j43vXMz/JB.okv1fLL8NNRPi9m2cBPqO/DpMd3LbSW', 'Ivy', 'child', 0, 'active', 18, NULL, NULL, 0, '2026-02-15 09:10:00'),
('53a357f5-b4e2-45be-ae9b-fd7242889538', '09ba9399-ce6f-41f1-9155-58dc34ba954c', 'HWFJ_boy', '$2a$10$r/gg/.pHWoV8eIZJ54BPeuWg9o7cCgoXSRH4RRwsjw.hkew4aNXaC', 'Boy', 'child', 0, 'active', 137, NULL, NULL, 0, '2026-01-28 03:11:57'),
('57b63a08-8c87-4a94-a02c-07d3c71f5ca4', '91d388d2-14cb-4367-a414-70fce80e1b55', 'TF01_child1', '$2a$10$fuGgzbl7k1kfqvH3wCxzzO/vmcOk2d/4WoSLUoNIt3ZC4J6WB8p6C', 'kid1', 'child', 0, 'active', 92, NULL, NULL, 0, '2026-02-22 22:30:32'),
('5d521922-ff1d-4140-b22a-b7e262d7f525', '5455ad4d-1dce-4f46-90ae-9355e8cbc5cc', 'AR01_child3', '$2a$10$bdl8GR1vIfG9ISehJjbWsukIv7oj8MHj.rrqpHHhzeqYxqKuPPi6G', 'NICKNAME', 'child', 0, 'active', 0, NULL, NULL, 1, '2026-02-23 00:18:36'),
('600f9b09-6922-4b6d-8ac4-32d909a9441d', '7fdf1f0f-9ea2-4378-8ea9-adc9575d745b', 'CD04_kid_a', '$2a$10$mHKkdwl92.kbeAZ2yvG1C.kdbdDPHnle2YWlqjrpdim/aZdSh0ImC', 'Ava', 'child', 0, 'active', 20, NULL, NULL, 0, '2026-02-07 09:10:00'),
('709f021f-ac68-4c01-a3c6-98b6368fae25', '694f769f-c1fb-498c-9a94-db0502f95e39', 'RV03_kid_b', '$2a$10$bZE6FTa3hQZBgsazpy.Dd.CISzhhh5Gv37K.LLOoVwIwhVkH1yUwS', 'Leo', 'child', 0, 'active', 31, NULL, NULL, 0, '2026-02-10 09:15:00'),
('89d2f542-171d-4ee9-9a6d-d9189c77cf35', '694f769f-c1fb-498c-9a94-db0502f95e39', 'RV03_kid_a', '$2a$10$YEy9AP/37iy6HTR8HObG4Onv6XE3mIXH6eu4M8NDJ/K4AaFEor/WS', 'Mia', 'child', 0, 'active', 31, NULL, NULL, 0, '2026-02-10 09:10:00'),
('8d79e7e1-3839-479f-9f26-8214ad7b8cf7', '91d388d2-14cb-4367-a414-70fce80e1b55', 'TF01_parent2', '$2a$10$nfw6b7DX.nd56uMeqbyQpu3m1PPxBLLqupHvLm1bb0PfxGZXy4hfu', 'NICKNAME', 'parent', 0, 'active', 0, NULL, NULL, 0, '2026-02-22 22:31:05'),
('933844a1-c837-4a09-862a-800d538d67c1', '5455ad4d-1dce-4f46-90ae-9355e8cbc5cc', 'AR01_kid_b', '$2a$10$ptRORZgjbWYJGQ4O0ONF3eGc8cbNLForVGUmMgiBh3rxSlEpwMiKu', 'Noah', 'child', 0, 'active', 242, NULL, NULL, 0, '2026-02-12 09:15:00'),
('a0f3b228-35be-467c-a394-1400a53945a0', '5455ad4d-1dce-4f46-90ae-9355e8cbc5cc', 'AR01_kid1', '$2a$10$bSy7E9J/0feKPJpJmPhCWOYcDyNPgaNKmtBIjABOA9Cy8lUynwy0q', 'Luna', 'child', 0, 'active', 317, NULL, NULL, 0, '2026-02-12 09:10:00'),
('a6f3dd72-7729-43e9-b2be-907a197af970', '5455ad4d-1dce-4f46-90ae-9355e8cbc5cc', 'AR01_mum', '$2a$10$tdFyc//s24xWX0/DrRlQye3W3wZh1uf7UungElvkjjaEnOAjKkbBi', 'NICKNAME', 'parent', 0, 'active', 0, NULL, NULL, 1, '2026-02-23 00:18:03'),
('a70caadb-020f-49e5-acb5-f18a0ec71e9b', '09ba9399-ce6f-41f1-9155-58dc34ba954c', 'HWFJ_girl', '$2a$10$L5rhq44b6WzNI1gl742oSuSCK2zxTNIHrHwqvLlwRCr0AAgFzAyna', 'NICKNAME', 'child', 0, 'active', 0, NULL, NULL, 1, '2026-01-28 03:13:45'),
('aefcb8b0-f0dc-4b24-8b93-dd9706e95c1b', '91d388d2-14cb-4367-a414-70fce80e1b55', 'TF01_child2', '$2a$10$9wpo/pTe7P8BfjPBuAFOouofsucHLssdweyvluGSVcKSKc0b4Ad.u', 'NICKNAME', 'child', 0, 'active', 0, NULL, NULL, 1, '2026-02-22 22:30:38'),
('b55c2d53-82a4-4e2d-b47e-edf121041640', '9585c503-dce6-4ba6-943c-206c96436489', 'MSCD_sam', '$2a$10$Had0LGgi.PadlEcbDpQfTOQE0/zwRSRFSVbrh8isgvuyiMilkvhgu', 'NICKNAME', 'parent', 1, 'active', 0, NULL, NULL, 0, '2026-02-23 19:27:08'),
('b76e01b6-9b98-44bf-a8d3-f1e6c35e3c75', '09ba9399-ce6f-41f1-9155-58dc34ba954c', 'HWFJ_test2', '$2a$10$oppedUvLHrRbsgYNwdNA2utNd.9QBvXHnyW2QxUAoalxKMdQgpbAq', 'NICKNAME', 'child', 0, 'active', 0, NULL, NULL, 1, '2026-02-18 23:04:26'),
('bd8184d2-29cf-4093-8ecc-87513ce59f93', 'a7c631f8-1f35-4209-9430-71ddd60d9acd', 'MD02_kid_b', '$2a$10$Wxgq9ceE2Utt96nGU3ZWbe7ReEATDs466LxbbDOUTq3TwYIYuCNga', 'Eli', 'child', 0, 'active', 18, NULL, NULL, 0, '2026-02-15 09:15:00'),
('c07b47fc-7e09-4800-977d-a1ebf82034cc', 'a7c631f8-1f35-4209-9430-71ddd60d9acd', 'MD02_parent', '$2a$10$iKZ4KRzqEh2yjx9SIQKh.OdDW1cCYXzzl6WcWncfQe5yRyo1z4DIC', 'Meadow Parent', 'parent', 1, 'active', 0, NULL, NULL, 0, '2026-02-15 09:05:00'),
('c2f8e805-c841-4fd9-9a23-ce42c9d09e96', '91d388d2-14cb-4367-a414-70fce80e1b55', 'TF01_father1', '$2a$10$izNMbgukKc1STVhtl3.dJe4NfselZGEYjrnO92053.vNZKtFXdHYK', 'Parent1', 'parent', 1, 'active', 0, NULL, NULL, 0, '2026-02-22 21:22:24'),
('c4135d7b-0e3c-4e58-b4a7-19c3e73fa886', '9585c503-dce6-4ba6-943c-206c96436489', 'MSCD_child1', '$2a$10$ExCmdXoBLRNvLMj7PxFHAu5pOWpKadeOBIJhVH.nQgTTLsliitJJi', 'NICKNAME', 'child', 0, 'active', 0, NULL, NULL, 0, '2026-02-23 19:27:29'),
('d5d1347a-e014-4a30-b40d-f300d00c1fd4', 'f0ea7359-ae92-4bfa-98b5-d9d9b15d2454', 'MSCI_han', '$2a$10$znIrF77za8d0nfGnYbs8v.CUvZCzXlq7jUiLGcFv5h7iGxrrsTtRK', 'NICKNAME', 'parent', 1, 'active', 0, NULL, NULL, 0, '2026-02-20 22:58:23'),
('db350c42-d8a7-430e-ad9c-172702b705cf', '91d388d2-14cb-4367-a414-70fce80e1b55', 'TF01_child3', '$2a$10$j.wjJ56XbdqrA6mGXo5A.OpTNXs3fmKNQdgszEc9vlIQWBQmCtzPu', 'NICKNAME', 'child', 0, 'active', 0, NULL, NULL, 1, '2026-02-22 22:30:51'),
('faba9c3a-667b-44d0-84d3-5e24ac3e417a', '7fdf1f0f-9ea2-4378-8ea9-adc9575d745b', 'CD04_kid_b', '$2a$10$wfQJXkeXakzxVoTWZKyGAO8MXAKWmac4VJFJjAVHf/mb/XmIR5bsu', 'Kai', 'child', 0, 'active', 20, NULL, NULL, 0, '2026-02-07 09:15:00');

-- --------------------------------------------------------

--
-- Table structure for table `user_login_events`
--

CREATE TABLE `user_login_events` (
  `id` char(36) NOT NULL,
  `user_id` char(36) NOT NULL,
  `family_id` char(36) NOT NULL,
  `login_at` datetime NOT NULL DEFAULT current_timestamp(),
  `created_at` datetime NOT NULL DEFAULT current_timestamp()
) ENGINE=InnoDB DEFAULT CHARSET=utf8mb4 COLLATE=utf8mb4_unicode_ci;

--
-- Dumping data for table `user_login_events`
--

INSERT INTO `user_login_events` (`id`, `user_id`, `family_id`, `login_at`, `created_at`) VALUES
('0019e391-ed2a-4914-a733-3c5dc1a8be99', '933844a1-c837-4a09-862a-800d538d67c1', '5455ad4d-1dce-4f46-90ae-9355e8cbc5cc', '2026-02-21 10:12:00', '2026-02-21 10:12:00'),
('04c487a6-1653-4806-b79f-a8b3883b4254', '933844a1-c837-4a09-862a-800d538d67c1', '5455ad4d-1dce-4f46-90ae-9355e8cbc5cc', '2026-02-15 10:12:00', '2026-02-15 10:12:00'),
('0504c61a-8a34-46a1-9c6d-a775a6339003', '8d79e7e1-3839-479f-9f26-8214ad7b8cf7', '91d388d2-14cb-4367-a414-70fce80e1b55', '2026-02-22 22:58:26', '2026-02-22 22:58:26'),
('08ab818d-6732-4ee5-8b3c-f3418256a3c2', '89d2f542-171d-4ee9-9a6d-d9189c77cf35', '694f769f-c1fb-498c-9a94-db0502f95e39', '2026-02-17 09:11:00', '2026-02-17 09:11:00'),
('0a850fbb-20ed-4488-9754-fdbda151fd96', '933844a1-c837-4a09-862a-800d538d67c1', '5455ad4d-1dce-4f46-90ae-9355e8cbc5cc', '2026-02-16 10:12:00', '2026-02-16 10:12:00'),
('0acd73cd-2547-4ca0-96dd-09713ae3cb7e', '933844a1-c837-4a09-862a-800d538d67c1', '5455ad4d-1dce-4f46-90ae-9355e8cbc5cc', '2026-02-18 10:12:00', '2026-02-18 10:12:00'),
('0d333134-9571-40c8-9bc6-12179d37d5f5', '06bd21fd-5a5d-4639-8d74-34d162a1232a', '5455ad4d-1dce-4f46-90ae-9355e8cbc5cc', '2026-02-21 08:10:00', '2026-02-21 08:10:00'),
('0ff8653b-d9fa-4616-9251-0c33c7636ada', 'a0f3b228-35be-467c-a394-1400a53945a0', '5455ad4d-1dce-4f46-90ae-9355e8cbc5cc', '2026-02-16 09:11:00', '2026-02-16 09:11:00'),
('17087243-f3b7-41a9-93d4-bcdb75ec9073', '52789d9c-e195-4207-82d6-8f6f7fdd8a5b', 'a7c631f8-1f35-4209-9430-71ddd60d9acd', '2026-02-22 09:11:00', '2026-02-22 09:11:00'),
('1a4e4f3a-f882-48ab-b6cf-1ee14d4ba4d3', '06bd21fd-5a5d-4639-8d74-34d162a1232a', '5455ad4d-1dce-4f46-90ae-9355e8cbc5cc', '2026-02-23 06:37:09', '2026-02-23 06:37:09'),
('1dfa7b67-c45e-4a2a-8137-3734c52fef3d', '8d79e7e1-3839-479f-9f26-8214ad7b8cf7', '91d388d2-14cb-4367-a414-70fce80e1b55', '2026-02-22 23:37:44', '2026-02-22 23:37:44'),
('200b6b11-88d5-4b09-a7cb-1d58eeea7c3a', '4ff82206-eefc-49c2-8bfe-278c9305cbcd', '694f769f-c1fb-498c-9a94-db0502f95e39', '2026-02-19 08:10:00', '2026-02-19 08:10:00'),
('206b8824-64c7-4a05-891e-571feab13f99', '4ff82206-eefc-49c2-8bfe-278c9305cbcd', '694f769f-c1fb-498c-9a94-db0502f95e39', '2026-02-16 08:10:00', '2026-02-16 08:10:00'),
('20b36b69-4a0e-42a1-abce-961a8c48389a', '57b63a08-8c87-4a94-a02c-07d3c71f5ca4', '91d388d2-14cb-4367-a414-70fce80e1b55', '2026-02-23 00:21:23', '2026-02-23 00:21:23'),
('20ba35d1-e6ad-4951-93f9-0db83de08327', '06bd21fd-5a5d-4639-8d74-34d162a1232a', '5455ad4d-1dce-4f46-90ae-9355e8cbc5cc', '2026-02-13 08:10:00', '2026-02-13 08:10:00'),
('234bb2cc-f91a-4922-a8cf-feb41be9c349', '8d79e7e1-3839-479f-9f26-8214ad7b8cf7', '91d388d2-14cb-4367-a414-70fce80e1b55', '2026-02-22 23:51:40', '2026-02-22 23:51:40'),
('2491256e-de78-48fb-96c5-a78634e47e38', '933844a1-c837-4a09-862a-800d538d67c1', '5455ad4d-1dce-4f46-90ae-9355e8cbc5cc', '2026-02-22 10:12:00', '2026-02-22 10:12:00'),
('28bb5ed5-5e81-4ad1-a83f-3d542b77a010', '06bd21fd-5a5d-4639-8d74-34d162a1232a', '5455ad4d-1dce-4f46-90ae-9355e8cbc5cc', '2026-02-18 08:10:00', '2026-02-18 08:10:00'),
('28f106c1-739b-4153-92d6-8809e39a2aac', '06bd21fd-5a5d-4639-8d74-34d162a1232a', '5455ad4d-1dce-4f46-90ae-9355e8cbc5cc', '2026-02-23 00:17:48', '2026-02-23 00:17:48'),
('2b14eb54-181c-44ed-baf9-41a8f0cbb78a', '8d79e7e1-3839-479f-9f26-8214ad7b8cf7', '91d388d2-14cb-4367-a414-70fce80e1b55', '2026-02-22 23:43:23', '2026-02-22 23:43:23'),
('2d68486a-8170-4ee6-9f08-a86c0896861b', 'a0f3b228-35be-467c-a394-1400a53945a0', '5455ad4d-1dce-4f46-90ae-9355e8cbc5cc', '2026-02-23 19:28:56', '2026-02-23 19:28:56'),
('2ea4363c-bb43-422a-b89d-2115487716c7', '294a4063-59d9-4609-a29a-84645a9b926a', '7fdf1f0f-9ea2-4378-8ea9-adc9575d745b', '2026-02-19 08:10:00', '2026-02-19 08:10:00'),
('3195f2db-b8d6-444a-a805-8c78fc200330', 'c2f8e805-c841-4fd9-9a23-ce42c9d09e96', '91d388d2-14cb-4367-a414-70fce80e1b55', '2026-02-22 22:47:39', '2026-02-22 22:47:39'),
('34503c27-c5fe-4523-9087-cdde91194550', '933844a1-c837-4a09-862a-800d538d67c1', '5455ad4d-1dce-4f46-90ae-9355e8cbc5cc', '2026-02-14 10:12:00', '2026-02-14 10:12:00'),
('35004c21-3c9b-46b2-bb0c-daf7691df8ea', '8d79e7e1-3839-479f-9f26-8214ad7b8cf7', '91d388d2-14cb-4367-a414-70fce80e1b55', '2026-02-22 23:27:40', '2026-02-22 23:27:40'),
('3726d32f-124e-4a6a-9b9c-1dfceaa4f689', '06bd21fd-5a5d-4639-8d74-34d162a1232a', '5455ad4d-1dce-4f46-90ae-9355e8cbc5cc', '2026-02-23 06:37:32', '2026-02-23 06:37:32'),
('388483f9-e114-4054-9538-4bf88dc5be20', 'c4135d7b-0e3c-4e58-b4a7-19c3e73fa886', '9585c503-dce6-4ba6-943c-206c96436489', '2026-02-23 19:28:39', '2026-02-23 19:28:39'),
('3e199e48-7d53-4ec0-a49b-82276d20e856', '709f021f-ac68-4c01-a3c6-98b6368fae25', '694f769f-c1fb-498c-9a94-db0502f95e39', '2026-02-17 10:12:00', '2026-02-17 10:12:00'),
('446dc34f-7de7-44c9-bb1f-21c7c9a781cf', '57b63a08-8c87-4a94-a02c-07d3c71f5ca4', '91d388d2-14cb-4367-a414-70fce80e1b55', '2026-02-23 00:09:25', '2026-02-23 00:09:25'),
('470c7b5a-ada3-4a5f-a4a0-ead24d6e770d', '57b63a08-8c87-4a94-a02c-07d3c71f5ca4', '91d388d2-14cb-4367-a414-70fce80e1b55', '2026-02-23 00:01:12', '2026-02-23 00:01:12'),
('49d8b54a-b96e-442b-8a40-cd6a63f9413c', 'a0f3b228-35be-467c-a394-1400a53945a0', '5455ad4d-1dce-4f46-90ae-9355e8cbc5cc', '2026-02-23 00:21:43', '2026-02-23 00:21:43'),
('4b6e3aae-59ef-4935-8697-3cb7edf3c367', '06bd21fd-5a5d-4639-8d74-34d162a1232a', '5455ad4d-1dce-4f46-90ae-9355e8cbc5cc', '2026-02-23 19:23:05', '2026-02-23 19:23:05'),
('54ba6adf-2c07-42be-8f9e-f2ef04a544e4', '4ff82206-eefc-49c2-8bfe-278c9305cbcd', '694f769f-c1fb-498c-9a94-db0502f95e39', '2026-02-20 08:10:00', '2026-02-20 08:10:00'),
('56711f64-5a26-42ae-ac69-65ceb8974ce2', '52789d9c-e195-4207-82d6-8f6f7fdd8a5b', 'a7c631f8-1f35-4209-9430-71ddd60d9acd', '2026-02-18 09:11:00', '2026-02-18 09:11:00'),
('5b731d72-2876-4623-a026-084d9d155148', '52789d9c-e195-4207-82d6-8f6f7fdd8a5b', 'a7c631f8-1f35-4209-9430-71ddd60d9acd', '2026-02-17 09:11:00', '2026-02-17 09:11:00'),
('64422aed-1588-4461-ad93-23e8fd6fba2a', '57b63a08-8c87-4a94-a02c-07d3c71f5ca4', '91d388d2-14cb-4367-a414-70fce80e1b55', '2026-02-23 00:13:40', '2026-02-23 00:13:40'),
('678a7f07-8c02-4ab6-9e4f-f98b36d19e43', 'c07b47fc-7e09-4800-977d-a1ebf82034cc', 'a7c631f8-1f35-4209-9430-71ddd60d9acd', '2026-02-21 08:10:00', '2026-02-21 08:10:00'),
('6d0788d6-238f-4abe-aa9b-5d0a972f5dd7', '57b63a08-8c87-4a94-a02c-07d3c71f5ca4', '91d388d2-14cb-4367-a414-70fce80e1b55', '2026-02-22 22:49:17', '2026-02-22 22:49:17'),
('705072a6-43b2-4047-b96c-bf4b479b2edb', '933844a1-c837-4a09-862a-800d538d67c1', '5455ad4d-1dce-4f46-90ae-9355e8cbc5cc', '2026-02-20 10:12:00', '2026-02-20 10:12:00'),
('715ccaac-658d-430a-9228-6b36307bcd9c', 'a0f3b228-35be-467c-a394-1400a53945a0', '5455ad4d-1dce-4f46-90ae-9355e8cbc5cc', '2026-02-14 09:11:00', '2026-02-14 09:11:00'),
('74154f30-c5d9-40fa-bf95-444dacdcfacc', 'c4135d7b-0e3c-4e58-b4a7-19c3e73fa886', '9585c503-dce6-4ba6-943c-206c96436489', '2026-02-23 19:28:08', '2026-02-23 19:28:08'),
('75482cec-bdfb-408a-b65c-06194f5bbf01', 'c2f8e805-c841-4fd9-9a23-ce42c9d09e96', '91d388d2-14cb-4367-a414-70fce80e1b55', '2026-02-22 22:45:17', '2026-02-22 22:45:17'),
('7760d252-8ec7-45b6-8a3e-ba44e9f7bace', '89d2f542-171d-4ee9-9a6d-d9189c77cf35', '694f769f-c1fb-498c-9a94-db0502f95e39', '2026-02-22 09:11:00', '2026-02-22 09:11:00'),
('78b6bd23-7016-4ae1-b0d6-acdf06651f9d', '709f021f-ac68-4c01-a3c6-98b6368fae25', '694f769f-c1fb-498c-9a94-db0502f95e39', '2026-02-18 10:12:00', '2026-02-18 10:12:00'),
('78da0b6c-4ea8-4fe2-a7c0-9f09e858a293', '06bd21fd-5a5d-4639-8d74-34d162a1232a', '5455ad4d-1dce-4f46-90ae-9355e8cbc5cc', '2026-02-20 08:10:00', '2026-02-20 08:10:00'),
('7a7fa823-d8b2-4e7b-b71f-dde30c5d48d7', '8d79e7e1-3839-479f-9f26-8214ad7b8cf7', '91d388d2-14cb-4367-a414-70fce80e1b55', '2026-02-22 22:59:16', '2026-02-22 22:59:16'),
('7e69aff8-062f-411a-bc36-b519812f35ca', '52789d9c-e195-4207-82d6-8f6f7fdd8a5b', 'a7c631f8-1f35-4209-9430-71ddd60d9acd', '2026-02-20 09:11:00', '2026-02-20 09:11:00'),
('84e6bbf3-b9ae-453b-91dc-7621bc83a9e7', '4ff82206-eefc-49c2-8bfe-278c9305cbcd', '694f769f-c1fb-498c-9a94-db0502f95e39', '2026-02-18 08:10:00', '2026-02-18 08:10:00'),
('88d1d867-2522-4432-a039-89fcd9a0d8e1', '709f021f-ac68-4c01-a3c6-98b6368fae25', '694f769f-c1fb-498c-9a94-db0502f95e39', '2026-02-21 10:12:00', '2026-02-21 10:12:00'),
('8f4b3b69-73bc-467f-a1c4-dca5e1e53d1f', '89d2f542-171d-4ee9-9a6d-d9189c77cf35', '694f769f-c1fb-498c-9a94-db0502f95e39', '2026-02-13 09:11:00', '2026-02-13 09:11:00'),
('9287a147-1bb5-4813-86cc-e593e140dac3', '8d79e7e1-3839-479f-9f26-8214ad7b8cf7', '91d388d2-14cb-4367-a414-70fce80e1b55', '2026-02-22 23:42:46', '2026-02-22 23:42:46'),
('942ccec2-aa12-4759-acbc-797aba3513b9', 'a0f3b228-35be-467c-a394-1400a53945a0', '5455ad4d-1dce-4f46-90ae-9355e8cbc5cc', '2026-02-20 09:11:00', '2026-02-20 09:11:00'),
('947a491c-c29a-4ecc-a403-855c638a7939', '8d79e7e1-3839-479f-9f26-8214ad7b8cf7', '91d388d2-14cb-4367-a414-70fce80e1b55', '2026-02-22 23:03:52', '2026-02-22 23:03:52'),
('94edb0e7-7fd9-45f2-b6e4-b5b06ec2f41e', '933844a1-c837-4a09-862a-800d538d67c1', '5455ad4d-1dce-4f46-90ae-9355e8cbc5cc', '2026-02-17 10:12:00', '2026-02-17 10:12:00'),
('972b2854-3352-440b-b267-5115e4ad98fb', '8d79e7e1-3839-479f-9f26-8214ad7b8cf7', '91d388d2-14cb-4367-a414-70fce80e1b55', '2026-02-22 23:50:23', '2026-02-22 23:50:23'),
('99857b8e-fbab-4eb0-acd4-486f255d0ed8', '06bd21fd-5a5d-4639-8d74-34d162a1232a', '5455ad4d-1dce-4f46-90ae-9355e8cbc5cc', '2026-02-17 08:10:00', '2026-02-17 08:10:00'),
('9c714555-e95e-455a-ab65-d626f9b1fc2c', '57b63a08-8c87-4a94-a02c-07d3c71f5ca4', '91d388d2-14cb-4367-a414-70fce80e1b55', '2026-02-22 23:56:57', '2026-02-22 23:56:57'),
('9e18bc57-b00e-4a77-b086-e672a6b7f948', 'a0f3b228-35be-467c-a394-1400a53945a0', '5455ad4d-1dce-4f46-90ae-9355e8cbc5cc', '2026-02-15 09:11:00', '2026-02-15 09:11:00'),
('9e7ec299-37fd-405e-88ac-d223f5f0d95f', '06bd21fd-5a5d-4639-8d74-34d162a1232a', '5455ad4d-1dce-4f46-90ae-9355e8cbc5cc', '2026-02-23 19:29:40', '2026-02-23 19:29:40'),
('a6100495-22dc-4e2c-acc9-7ebee06c2b37', '4ff82206-eefc-49c2-8bfe-278c9305cbcd', '694f769f-c1fb-498c-9a94-db0502f95e39', '2026-02-17 08:10:00', '2026-02-17 08:10:00'),
('a614bc25-5a70-427b-b166-0af66a317d25', '8d79e7e1-3839-479f-9f26-8214ad7b8cf7', '91d388d2-14cb-4367-a414-70fce80e1b55', '2026-02-22 22:49:32', '2026-02-22 22:49:32'),
('a6150c7f-8366-482c-91c2-3446f1bf3bd1', '8d79e7e1-3839-479f-9f26-8214ad7b8cf7', '91d388d2-14cb-4367-a414-70fce80e1b55', '2026-02-22 23:04:19', '2026-02-22 23:04:19'),
('a7413caa-0ce5-4908-b956-17d792c1ab9d', '8d79e7e1-3839-479f-9f26-8214ad7b8cf7', '91d388d2-14cb-4367-a414-70fce80e1b55', '2026-02-22 23:38:03', '2026-02-22 23:38:03'),
('a755aa5a-7e7b-46e9-91c7-9c6d591e9a3a', '933844a1-c837-4a09-862a-800d538d67c1', '5455ad4d-1dce-4f46-90ae-9355e8cbc5cc', '2026-02-19 10:12:00', '2026-02-19 10:12:00'),
('b0fc0183-8bc1-46d6-a7e1-1773a156f837', '709f021f-ac68-4c01-a3c6-98b6368fae25', '694f769f-c1fb-498c-9a94-db0502f95e39', '2026-02-16 10:12:00', '2026-02-16 10:12:00'),
('b476ec64-eb8d-4d27-b181-76275b18f4e7', '294a4063-59d9-4609-a29a-84645a9b926a', '7fdf1f0f-9ea2-4378-8ea9-adc9575d745b', '2026-02-21 08:10:00', '2026-02-21 08:10:00'),
('bf50edeb-ab20-474d-8829-1499b13dbb26', '8d79e7e1-3839-479f-9f26-8214ad7b8cf7', '91d388d2-14cb-4367-a414-70fce80e1b55', '2026-02-22 23:24:49', '2026-02-22 23:24:49'),
('bfe660fd-8e20-4b15-b9a5-e20351b0fe97', '57b63a08-8c87-4a94-a02c-07d3c71f5ca4', '91d388d2-14cb-4367-a414-70fce80e1b55', '2026-02-22 23:57:13', '2026-02-22 23:57:13'),
('c1eade20-c444-4ec2-80fe-47b32ef01166', '4ff82206-eefc-49c2-8bfe-278c9305cbcd', '694f769f-c1fb-498c-9a94-db0502f95e39', '2026-02-14 08:10:00', '2026-02-14 08:10:00'),
('c2703359-2722-4ed2-9df2-322dbe3fe5df', '8d79e7e1-3839-479f-9f26-8214ad7b8cf7', '91d388d2-14cb-4367-a414-70fce80e1b55', '2026-02-22 23:51:22', '2026-02-22 23:51:22'),
('c772209b-ea09-40c7-8db4-8e087fb73d02', '57b63a08-8c87-4a94-a02c-07d3c71f5ca4', '91d388d2-14cb-4367-a414-70fce80e1b55', '2026-02-23 00:05:31', '2026-02-23 00:05:31'),
('ced877ab-c3bd-4b02-8cd9-f58b9291497b', '8d79e7e1-3839-479f-9f26-8214ad7b8cf7', '91d388d2-14cb-4367-a414-70fce80e1b55', '2026-02-22 23:22:19', '2026-02-22 23:22:19'),
('d23bc4f8-50dd-4ea3-8b8e-04b421bd6e87', '294a4063-59d9-4609-a29a-84645a9b926a', '7fdf1f0f-9ea2-4378-8ea9-adc9575d745b', '2026-02-16 08:10:00', '2026-02-16 08:10:00'),
('d6e5440d-b5df-4d21-a742-29c6859e6aec', '89d2f542-171d-4ee9-9a6d-d9189c77cf35', '694f769f-c1fb-498c-9a94-db0502f95e39', '2026-02-18 09:11:00', '2026-02-18 09:11:00'),
('e05360cd-a655-48d7-b896-a778a8cfbc16', '06bd21fd-5a5d-4639-8d74-34d162a1232a', '5455ad4d-1dce-4f46-90ae-9355e8cbc5cc', '2026-02-16 08:10:00', '2026-02-16 08:10:00'),
('e2f33d81-ca9a-4941-8111-7df3ddd53910', 'a0f3b228-35be-467c-a394-1400a53945a0', '5455ad4d-1dce-4f46-90ae-9355e8cbc5cc', '2026-02-19 09:11:00', '2026-02-19 09:11:00'),
('e38922f5-9ec9-4ff6-a894-8d9d339874bb', 'c2f8e805-c841-4fd9-9a23-ce42c9d09e96', '91d388d2-14cb-4367-a414-70fce80e1b55', '2026-02-22 22:41:52', '2026-02-22 22:41:52'),
('e424ac75-b830-493d-95ef-9e67b06ab49c', '294a4063-59d9-4609-a29a-84645a9b926a', '7fdf1f0f-9ea2-4378-8ea9-adc9575d745b', '2026-02-22 08:10:00', '2026-02-22 08:10:00'),
('f01ce541-cfb8-4d3e-9b98-65717b9e2d79', 'a0f3b228-35be-467c-a394-1400a53945a0', '5455ad4d-1dce-4f46-90ae-9355e8cbc5cc', '2026-02-17 09:11:00', '2026-02-17 09:11:00'),
('f7bb4a87-f12f-4bb2-955b-59a0573eba04', 'a0f3b228-35be-467c-a394-1400a53945a0', '5455ad4d-1dce-4f46-90ae-9355e8cbc5cc', '2026-02-23 00:20:48', '2026-02-23 00:20:48'),
('fab58262-43d5-4f39-9ee3-abd0a2dc93cd', '709f021f-ac68-4c01-a3c6-98b6368fae25', '694f769f-c1fb-498c-9a94-db0502f95e39', '2026-02-20 10:12:00', '2026-02-20 10:12:00'),
('febd3ddf-5fed-4f13-a6df-ff8a4ea713d3', '709f021f-ac68-4c01-a3c6-98b6368fae25', '694f769f-c1fb-498c-9a94-db0502f95e39', '2026-02-22 10:12:00', '2026-02-22 10:12:00');

-- --------------------------------------------------------

--
-- Table structure for table `wishes`
--

CREATE TABLE `wishes` (
  `id` char(36) NOT NULL,
  `child_id` char(36) NOT NULL,
  `family_id` char(36) NOT NULL,
  `reward_id` char(36) NOT NULL,
  `slot_code` char(1) NOT NULL,
  `status` enum('open','accepted') NOT NULL DEFAULT 'open',
  `created_at` datetime NOT NULL DEFAULT current_timestamp(),
  `accepted_at` datetime DEFAULT NULL
) ENGINE=InnoDB DEFAULT CHARSET=utf8mb4 COLLATE=utf8mb4_unicode_ci;

--
-- Dumping data for table `wishes`
--

INSERT INTO `wishes` (`id`, `child_id`, `family_id`, `reward_id`, `slot_code`, `status`, `created_at`, `accepted_at`) VALUES
('00655aba-bb36-45ec-a0b3-a498aaa2e3f4', 'a0f3b228-35be-467c-a394-1400a53945a0', '5455ad4d-1dce-4f46-90ae-9355e8cbc5cc', '8e04f647-02c4-4df5-a09c-4c6667ca99ec', 'E', 'accepted', '2026-02-21 20:12:06', '2026-02-21 20:12:06'),
('02191266-9552-42a8-adad-cc08e197d50a', '52789d9c-e195-4207-82d6-8f6f7fdd8a5b', 'a7c631f8-1f35-4209-9430-71ddd60d9acd', 'ed7f066f-0889-4476-9daf-a4d5d868f000', 'A', 'open', '2026-02-17 20:12:07', NULL),
('1495ac46-d63a-4abf-86cf-285def6a7934', '53a357f5-b4e2-45be-ae9b-fd7242889538', '09ba9399-ce6f-41f1-9155-58dc34ba954c', 'ada784e1-8ee1-49cb-9b4c-986dfe26cc67', 'D', 'open', '2026-02-08 02:16:35', NULL),
('1a6ca1ca-fccb-49ce-9d60-82f795d4bbf0', '57b63a08-8c87-4a94-a02c-07d3c71f5ca4', '91d388d2-14cb-4367-a414-70fce80e1b55', 'def0e80a-915a-4c91-9976-4ce8082a653a', 'A', 'open', '2026-02-23 00:03:20', NULL),
('2034a881-7075-4b24-b717-d30ba1279bb0', 'a0f3b228-35be-467c-a394-1400a53945a0', '5455ad4d-1dce-4f46-90ae-9355e8cbc5cc', '11469210-3760-450e-974d-fd1a84b85a93', 'D', 'accepted', '2026-02-20 20:12:06', '2026-02-20 20:12:06'),
('25c59ae9-51b5-4bfb-a0e7-1200d6056e12', '600f9b09-6922-4b6d-8ac4-32d909a9441d', '7fdf1f0f-9ea2-4378-8ea9-adc9575d745b', '295902c3-d5ab-4995-8a83-28363238ebe8', 'C', 'accepted', '2026-02-19 20:12:08', '2026-02-19 20:12:08'),
('2d6acad7-d244-45f0-bfd9-cf30bd27195f', '89d2f542-171d-4ee9-9a6d-d9189c77cf35', '694f769f-c1fb-498c-9a94-db0502f95e39', 'e563f101-e912-42d5-b8de-a3c1eabdbf02', 'E', 'accepted', '2026-02-21 20:12:07', '2026-02-21 20:12:07'),
('3213d3d4-c612-4f38-a9e0-f9ca45b7b08c', '53a357f5-b4e2-45be-ae9b-fd7242889538', '09ba9399-ce6f-41f1-9155-58dc34ba954c', 'be00e383-0cd7-4c89-9609-c564c3a9808e', 'C', 'open', '2026-02-20 21:52:21', NULL),
('343bd523-af82-40f6-97e3-dd016ab6a599', '709f021f-ac68-4c01-a3c6-98b6368fae25', '694f769f-c1fb-498c-9a94-db0502f95e39', '0ceec034-2f36-4220-8b04-964dda607466', 'B', 'open', '2026-02-18 20:12:08', NULL),
('354a58d9-8678-4af4-89bf-4c710b875b59', '53a357f5-b4e2-45be-ae9b-fd7242889538', '09ba9399-ce6f-41f1-9155-58dc34ba954c', 'be00e383-0cd7-4c89-9609-c564c3a9808e', 'B', 'accepted', '2026-02-08 01:57:18', '2026-02-11 02:03:37'),
('4489ce8d-9082-45a3-9914-7cb094d1b2dd', '600f9b09-6922-4b6d-8ac4-32d909a9441d', '7fdf1f0f-9ea2-4378-8ea9-adc9575d745b', '5628e729-1da1-4fc2-acd1-1233e1ab9fdd', 'E', 'accepted', '2026-02-21 20:12:08', '2026-02-21 20:12:08'),
('44b730dc-f18f-4405-91c6-d62fc1c9391b', 'faba9c3a-667b-44d0-84d3-5e24ac3e417a', '7fdf1f0f-9ea2-4378-8ea9-adc9575d745b', '5628e729-1da1-4fc2-acd1-1233e1ab9fdd', 'E', 'accepted', '2026-02-21 20:12:08', '2026-02-21 20:12:08'),
('45e5b108-60b2-410f-96de-307f5f0990f9', 'a0f3b228-35be-467c-a394-1400a53945a0', '5455ad4d-1dce-4f46-90ae-9355e8cbc5cc', '8e04f647-02c4-4df5-a09c-4c6667ca99ec', 'A', 'accepted', '2026-02-17 20:12:06', '2026-02-23 19:24:47'),
('4802a31c-d7de-4249-876f-06f6be3133cd', '933844a1-c837-4a09-862a-800d538d67c1', '5455ad4d-1dce-4f46-90ae-9355e8cbc5cc', '8e04f647-02c4-4df5-a09c-4c6667ca99ec', 'A', 'open', '2026-02-17 20:12:07', NULL),
('52059eb3-3957-4161-9039-fc5a0c552b6b', '53a357f5-b4e2-45be-ae9b-fd7242889538', '09ba9399-ce6f-41f1-9155-58dc34ba954c', 'be00e383-0cd7-4c89-9609-c564c3a9808e', 'D', 'accepted', '2026-02-06 04:47:56', '2026-02-06 04:55:02'),
('59089bfd-0552-4378-a57f-4c65a07fda3d', '53a357f5-b4e2-45be-ae9b-fd7242889538', '09ba9399-ce6f-41f1-9155-58dc34ba954c', 'be00e383-0cd7-4c89-9609-c564c3a9808e', 'A', 'accepted', '2026-02-06 05:05:21', '2026-02-10 01:58:31'),
('5b1650d4-c48b-48cc-840e-1ac0be400bfc', '89d2f542-171d-4ee9-9a6d-d9189c77cf35', '694f769f-c1fb-498c-9a94-db0502f95e39', 'bdf885ee-5c5b-44a6-8d20-51ed50a09c8a', 'D', 'accepted', '2026-02-20 20:12:07', '2026-02-20 20:12:07'),
('5fabc32b-b6f6-4723-be93-3462f3e70841', '600f9b09-6922-4b6d-8ac4-32d909a9441d', '7fdf1f0f-9ea2-4378-8ea9-adc9575d745b', '76c39942-925e-4a72-9430-fdc102f7dace', 'D', 'accepted', '2026-02-20 20:12:08', '2026-02-20 20:12:08'),
('66044b6f-1ac7-4fb6-8aed-705d965f476a', '52789d9c-e195-4207-82d6-8f6f7fdd8a5b', 'a7c631f8-1f35-4209-9430-71ddd60d9acd', '5d265a70-7bbb-464b-b80f-99ff1e31bd91', 'D', 'accepted', '2026-02-20 20:12:07', '2026-02-20 20:12:07'),
('6848216f-579e-494c-a8e3-11d2f42efca5', 'faba9c3a-667b-44d0-84d3-5e24ac3e417a', '7fdf1f0f-9ea2-4378-8ea9-adc9575d745b', '76c39942-925e-4a72-9430-fdc102f7dace', 'D', 'accepted', '2026-02-20 20:12:08', '2026-02-20 20:12:08'),
('6ae9271a-582e-4d51-a961-0a096ceac4a7', '600f9b09-6922-4b6d-8ac4-32d909a9441d', '7fdf1f0f-9ea2-4378-8ea9-adc9575d745b', 'a22e7a2a-c60a-4257-959a-f5d2e758f897', 'B', 'open', '2026-02-18 20:12:08', NULL),
('700dfaa7-0d0d-4263-afd0-85da41b0b2b5', 'bd8184d2-29cf-4093-8ecc-87513ce59f93', 'a7c631f8-1f35-4209-9430-71ddd60d9acd', '5d265a70-7bbb-464b-b80f-99ff1e31bd91', 'D', 'accepted', '2026-02-20 20:12:07', '2026-02-20 20:12:07'),
('73451bbe-90d5-484f-a7af-07ae775ea01e', 'faba9c3a-667b-44d0-84d3-5e24ac3e417a', '7fdf1f0f-9ea2-4378-8ea9-adc9575d745b', '295902c3-d5ab-4995-8a83-28363238ebe8', 'C', 'accepted', '2026-02-19 20:12:08', '2026-02-19 20:12:08'),
('769a924b-5867-4f24-8f2b-aac3aeae73b5', 'a0f3b228-35be-467c-a394-1400a53945a0', '5455ad4d-1dce-4f46-90ae-9355e8cbc5cc', '6d360f59-ebae-4811-8ab5-e10e27a22246', 'D', 'accepted', '2026-02-23 19:23:40', '2026-02-23 19:24:49'),
('78e929e3-310d-4687-836a-180371510b65', 'faba9c3a-667b-44d0-84d3-5e24ac3e417a', '7fdf1f0f-9ea2-4378-8ea9-adc9575d745b', 'a22e7a2a-c60a-4257-959a-f5d2e758f897', 'B', 'open', '2026-02-18 20:12:08', NULL),
('79c7eb57-d2c9-499e-8d4e-8efdcdc2c8b2', '53a357f5-b4e2-45be-ae9b-fd7242889538', '09ba9399-ce6f-41f1-9155-58dc34ba954c', 'ada784e1-8ee1-49cb-9b4c-986dfe26cc67', 'B', 'accepted', '2026-02-06 04:57:35', '2026-02-06 05:03:41'),
('7b62c54c-e762-4326-ab2c-bcaea16b2b18', 'bd8184d2-29cf-4093-8ecc-87513ce59f93', 'a7c631f8-1f35-4209-9430-71ddd60d9acd', 'ed7f066f-0889-4476-9daf-a4d5d868f000', 'E', 'accepted', '2026-02-21 20:12:07', '2026-02-21 20:12:07'),
('87b64beb-3f9f-448c-bdbf-6c12a449b710', 'bd8184d2-29cf-4093-8ecc-87513ce59f93', 'a7c631f8-1f35-4209-9430-71ddd60d9acd', 'ed7f066f-0889-4476-9daf-a4d5d868f000', 'A', 'open', '2026-02-17 20:12:07', NULL),
('8ab761ec-ede7-4202-b1c3-f122e1fb2479', '53a357f5-b4e2-45be-ae9b-fd7242889538', '09ba9399-ce6f-41f1-9155-58dc34ba954c', 'ada784e1-8ee1-49cb-9b4c-986dfe26cc67', 'C', 'accepted', '2026-02-06 04:36:48', '2026-02-06 04:50:36'),
('8e8f39d4-0ec7-49eb-abab-d7b078051232', '52789d9c-e195-4207-82d6-8f6f7fdd8a5b', 'a7c631f8-1f35-4209-9430-71ddd60d9acd', 'ed7f066f-0889-4476-9daf-a4d5d868f000', 'E', 'accepted', '2026-02-21 20:12:07', '2026-02-21 20:12:07'),
('9019081a-bef3-449b-852f-3b1b8ffa46c9', '89d2f542-171d-4ee9-9a6d-d9189c77cf35', '694f769f-c1fb-498c-9a94-db0502f95e39', 'e563f101-e912-42d5-b8de-a3c1eabdbf02', 'A', 'open', '2026-02-17 20:12:07', NULL),
('91bf418f-ac8b-45ab-879c-30f8bfbcbec8', 'a0f3b228-35be-467c-a394-1400a53945a0', '5455ad4d-1dce-4f46-90ae-9355e8cbc5cc', '01fc0fb5-89cd-4383-9ae0-92c4c788ce6a', 'B', 'accepted', '2026-02-18 20:12:06', '2026-02-23 19:24:52'),
('9767da43-de98-44fb-a03d-92e440f563ba', '53a357f5-b4e2-45be-ae9b-fd7242889538', '09ba9399-ce6f-41f1-9155-58dc34ba954c', 'ada784e1-8ee1-49cb-9b4c-986dfe26cc67', 'A', 'accepted', '2026-02-06 04:36:42', '2026-02-06 04:53:11'),
('98f80b5d-ad88-48a9-8605-b50057df83ac', '89d2f542-171d-4ee9-9a6d-d9189c77cf35', '694f769f-c1fb-498c-9a94-db0502f95e39', '0ceec034-2f36-4220-8b04-964dda607466', 'B', 'open', '2026-02-18 20:12:07', NULL),
('9a2eb74a-a687-401f-bdb0-638b90b51113', '52789d9c-e195-4207-82d6-8f6f7fdd8a5b', 'a7c631f8-1f35-4209-9430-71ddd60d9acd', '7914d642-4858-48cb-a2c8-c6a7db51c381', 'B', 'open', '2026-02-18 20:12:07', NULL),
('9d7af2bd-4f90-4b7f-9f2b-4233bbb490a1', '89d2f542-171d-4ee9-9a6d-d9189c77cf35', '694f769f-c1fb-498c-9a94-db0502f95e39', 'be649498-4032-42cb-8c8a-86aeb27333b7', 'C', 'accepted', '2026-02-19 20:12:07', '2026-02-19 20:12:07'),
('a540006f-f6c8-459e-a0d6-d5b6bfa88721', 'bd8184d2-29cf-4093-8ecc-87513ce59f93', 'a7c631f8-1f35-4209-9430-71ddd60d9acd', '09e0c95f-e4b1-4c1a-9d4b-392c4a7844e6', 'C', 'accepted', '2026-02-19 20:12:07', '2026-02-19 20:12:07'),
('aba60cb7-bfdf-4aad-b6e8-48824f842408', '709f021f-ac68-4c01-a3c6-98b6368fae25', '694f769f-c1fb-498c-9a94-db0502f95e39', 'e563f101-e912-42d5-b8de-a3c1eabdbf02', 'A', 'open', '2026-02-17 20:12:08', NULL),
('b117deaf-5d69-4527-a760-82aa59cdad91', '53a357f5-b4e2-45be-ae9b-fd7242889538', '09ba9399-ce6f-41f1-9155-58dc34ba954c', 'be00e383-0cd7-4c89-9609-c564c3a9808e', 'C', 'accepted', '2026-02-08 02:16:30', '2026-02-15 00:48:03'),
('b5a82bd1-fa7d-4bd1-ad47-49a3496b1731', 'faba9c3a-667b-44d0-84d3-5e24ac3e417a', '7fdf1f0f-9ea2-4378-8ea9-adc9575d745b', '5628e729-1da1-4fc2-acd1-1233e1ab9fdd', 'A', 'open', '2026-02-17 20:12:08', NULL),
('b78067e9-d6d6-41ee-9cc0-369ee9709100', '933844a1-c837-4a09-862a-800d538d67c1', '5455ad4d-1dce-4f46-90ae-9355e8cbc5cc', '8e04f647-02c4-4df5-a09c-4c6667ca99ec', 'E', 'accepted', '2026-02-21 20:12:07', '2026-02-21 20:12:07'),
('b7dfda5c-2a65-45db-9f58-61867d246e24', '933844a1-c837-4a09-862a-800d538d67c1', '5455ad4d-1dce-4f46-90ae-9355e8cbc5cc', '11469210-3760-450e-974d-fd1a84b85a93', 'D', 'accepted', '2026-02-20 20:12:07', '2026-02-20 20:12:07'),
('b9c879ed-bf74-4531-92b2-d5c4efff24e3', '57b63a08-8c87-4a94-a02c-07d3c71f5ca4', '91d388d2-14cb-4367-a414-70fce80e1b55', '86d1c00e-c32a-43b2-8c83-cb304e73f4aa', 'B', 'accepted', '2026-02-23 00:03:25', '2026-02-23 00:15:41'),
('baecd05a-24b3-4a03-ab9d-3fc5eca23dbd', 'a0f3b228-35be-467c-a394-1400a53945a0', '5455ad4d-1dce-4f46-90ae-9355e8cbc5cc', '6d360f59-ebae-4811-8ab5-e10e27a22246', 'C', 'accepted', '2026-02-19 20:12:06', '2026-02-23 19:24:29'),
('bd64733c-7662-413b-8d01-61776a4956f0', '53a357f5-b4e2-45be-ae9b-fd7242889538', '09ba9399-ce6f-41f1-9155-58dc34ba954c', '0012e24c-f6f3-44d9-a29e-0ca02bc93558', 'A', 'open', '2026-02-20 21:52:07', NULL),
('c1fa1af5-3886-4e4d-9d2e-05fef7ae6d07', '53a357f5-b4e2-45be-ae9b-fd7242889538', '09ba9399-ce6f-41f1-9155-58dc34ba954c', 'be00e383-0cd7-4c89-9609-c564c3a9808e', 'A', 'accepted', '2026-02-06 04:55:08', '2026-02-06 05:03:34'),
('c765ae44-233f-4681-8b8d-4ac65109bdaf', '933844a1-c837-4a09-862a-800d538d67c1', '5455ad4d-1dce-4f46-90ae-9355e8cbc5cc', '01fc0fb5-89cd-4383-9ae0-92c4c788ce6a', 'B', 'open', '2026-02-18 20:12:07', NULL),
('cdbec879-c3ca-4fe0-b06d-9082d3d51bd9', '709f021f-ac68-4c01-a3c6-98b6368fae25', '694f769f-c1fb-498c-9a94-db0502f95e39', 'bdf885ee-5c5b-44a6-8d20-51ed50a09c8a', 'D', 'accepted', '2026-02-20 20:12:08', '2026-02-20 20:12:08'),
('ce173b39-2ab1-4231-b995-101a30d1b2cb', '600f9b09-6922-4b6d-8ac4-32d909a9441d', '7fdf1f0f-9ea2-4378-8ea9-adc9575d745b', '5628e729-1da1-4fc2-acd1-1233e1ab9fdd', 'A', 'open', '2026-02-17 20:12:08', NULL),
('d4634800-36ec-4e96-b956-6048c7a1c4f5', 'bd8184d2-29cf-4093-8ecc-87513ce59f93', 'a7c631f8-1f35-4209-9430-71ddd60d9acd', '7914d642-4858-48cb-a2c8-c6a7db51c381', 'B', 'open', '2026-02-18 20:12:07', NULL),
('de9ad8dc-bcc9-45fe-8cca-c8c7a52c286b', '709f021f-ac68-4c01-a3c6-98b6368fae25', '694f769f-c1fb-498c-9a94-db0502f95e39', 'be649498-4032-42cb-8c8a-86aeb27333b7', 'C', 'accepted', '2026-02-19 20:12:08', '2026-02-19 20:12:08'),
('e04b282e-b026-4f7e-b587-ba04985dcda0', '53a357f5-b4e2-45be-ae9b-fd7242889538', '09ba9399-ce6f-41f1-9155-58dc34ba954c', '20871e60-44b7-485d-a53d-c27ecc805694', 'B', 'open', '2026-02-20 21:52:15', NULL),
('ecf8aef0-38d9-48a6-bcea-34aed0627064', '52789d9c-e195-4207-82d6-8f6f7fdd8a5b', 'a7c631f8-1f35-4209-9430-71ddd60d9acd', '09e0c95f-e4b1-4c1a-9d4b-392c4a7844e6', 'C', 'accepted', '2026-02-19 20:12:07', '2026-02-19 20:12:07'),
('ed5f23c8-382f-4d44-903d-a3a137d7a8f3', '709f021f-ac68-4c01-a3c6-98b6368fae25', '694f769f-c1fb-498c-9a94-db0502f95e39', 'e563f101-e912-42d5-b8de-a3c1eabdbf02', 'E', 'accepted', '2026-02-21 20:12:08', '2026-02-21 20:12:08'),
('f03730ee-6940-4a8b-8ae1-08281a53df57', '53a357f5-b4e2-45be-ae9b-fd7242889538', '09ba9399-ce6f-41f1-9155-58dc34ba954c', 'be00e383-0cd7-4c89-9609-c564c3a9808e', 'E', 'open', '2026-02-10 01:37:28', NULL),
('f23087bf-cc89-41d2-aeb9-cda794dad4ef', '53a357f5-b4e2-45be-ae9b-fd7242889538', '09ba9399-ce6f-41f1-9155-58dc34ba954c', 'ada784e1-8ee1-49cb-9b4c-986dfe26cc67', 'B', 'accepted', '2026-02-06 04:36:45', '2026-02-06 04:53:17'),
('f792f9ff-3641-446c-9e7b-88752e414756', '57b63a08-8c87-4a94-a02c-07d3c71f5ca4', '91d388d2-14cb-4367-a414-70fce80e1b55', '2b7396e5-58cb-4726-b3f6-accbf3347b63', 'C', 'open', '2026-02-23 00:03:37', NULL),
('faeb69ca-ac40-4371-9959-7390984e1916', '933844a1-c837-4a09-862a-800d538d67c1', '5455ad4d-1dce-4f46-90ae-9355e8cbc5cc', '6d360f59-ebae-4811-8ab5-e10e27a22246', 'C', 'open', '2026-02-19 20:12:07', NULL);

--
-- Indexes for dumped tables
--

--
-- Indexes for table `child_backpack_items`
--
ALTER TABLE `child_backpack_items`
  ADD PRIMARY KEY (`id`),
  ADD UNIQUE KEY `uk_child_reward` (`child_id`,`reward_id`),
  ADD KEY `idx_child` (`child_id`),
  ADD KEY `fk_cbi_reward` (`reward_id`);

--
-- Indexes for table `child_spirit_tree`
--
ALTER TABLE `child_spirit_tree`
  ADD PRIMARY KEY (`child_id`),
  ADD KEY `idx_cst_family` (`family_id`),
  ADD KEY `idx_cst_source_date` (`source_date`);

--
-- Indexes for table `child_spirit_tree_daily`
--
ALTER TABLE `child_spirit_tree_daily`
  ADD PRIMARY KEY (`id`),
  ADD UNIQUE KEY `uk_cstd_child_date` (`child_id`,`snapshot_date`),
  ADD KEY `idx_cstd_family_date` (`family_id`,`snapshot_date`);

--
-- Indexes for table `crystal_ledger`
--
ALTER TABLE `crystal_ledger`
  ADD PRIMARY KEY (`id`),
  ADD KEY `idx_user` (`user_id`);

--
-- Indexes for table `daily_quests`
--
ALTER TABLE `daily_quests`
  ADD PRIMARY KEY (`id`),
  ADD UNIQUE KEY `uk_child_quest_date` (`child_id`,`quest_definition_id`,`target_date`),
  ADD KEY `idx_child_date` (`child_id`,`target_date`),
  ADD KEY `idx_status` (`status`),
  ADD KEY `idx_assigned_by` (`assigned_by`),
  ADD KEY `fk_dq_definition` (`quest_definition_id`);

--
-- Indexes for table `families`
--
ALTER TABLE `families`
  ADD PRIMARY KEY (`id`),
  ADD UNIQUE KEY `idx_family_code` (`family_code`);

--
-- Indexes for table `mailbox_messages`
--
ALTER TABLE `mailbox_messages`
  ADD PRIMARY KEY (`id`),
  ADD KEY `idx_user` (`user_id`);

--
-- Indexes for table `quest_definitions`
--
ALTER TABLE `quest_definitions`
  ADD PRIMARY KEY (`id`),
  ADD KEY `idx_family_id` (`family_id`),
  ADD KEY `idx_family_status` (`family_id`,`status`);

--
-- Indexes for table `rewards`
--
ALTER TABLE `rewards`
  ADD PRIMARY KEY (`id`),
  ADD KEY `idx_family` (`family_id`);

--
-- Indexes for table `reward_child_assignments`
--
ALTER TABLE `reward_child_assignments`
  ADD PRIMARY KEY (`id`),
  ADD UNIQUE KEY `uk_reward_child` (`reward_id`,`child_id`),
  ADD KEY `idx_child` (`child_id`);

--
-- Indexes for table `sessions`
--
ALTER TABLE `sessions`
  ADD PRIMARY KEY (`session_id`),
  ADD KEY `idx_user_id` (`user_id`),
  ADD KEY `idx_expires` (`expires`);

--
-- Indexes for table `system_admins`
--
ALTER TABLE `system_admins`
  ADD PRIMARY KEY (`id`),
  ADD UNIQUE KEY `uk_system_admin_username` (`username`);

--
-- Indexes for table `users`
--
ALTER TABLE `users`
  ADD PRIMARY KEY (`id`),
  ADD UNIQUE KEY `uk_username` (`username`),
  ADD KEY `idx_family_id` (`family_id`),
  ADD KEY `idx_family_role` (`family_id`,`role`),
  ADD KEY `idx_family_status_role` (`family_id`,`status`,`role`);

--
-- Indexes for table `user_login_events`
--
ALTER TABLE `user_login_events`
  ADD PRIMARY KEY (`id`),
  ADD KEY `idx_ule_login_at` (`login_at`),
  ADD KEY `idx_ule_user_login_at` (`user_id`,`login_at`),
  ADD KEY `idx_ule_family_login_at` (`family_id`,`login_at`);

--
-- Indexes for table `wishes`
--
ALTER TABLE `wishes`
  ADD PRIMARY KEY (`id`),
  ADD KEY `idx_wishes_child_status` (`child_id`,`status`),
  ADD KEY `idx_wishes_family_status` (`family_id`,`status`),
  ADD KEY `fk_wishes_reward` (`reward_id`);

--
-- AUTO_INCREMENT for dumped tables
--

--
-- AUTO_INCREMENT for table `child_spirit_tree_daily`
--
ALTER TABLE `child_spirit_tree_daily`
  MODIFY `id` bigint(20) UNSIGNED NOT NULL AUTO_INCREMENT, AUTO_INCREMENT=1397;

--
-- Constraints for dumped tables
--

--
-- Constraints for table `child_backpack_items`
--
ALTER TABLE `child_backpack_items`
  ADD CONSTRAINT `fk_cbi_child` FOREIGN KEY (`child_id`) REFERENCES `users` (`id`),
  ADD CONSTRAINT `fk_cbi_reward` FOREIGN KEY (`reward_id`) REFERENCES `rewards` (`id`);

--
-- Constraints for table `child_spirit_tree`
--
ALTER TABLE `child_spirit_tree`
  ADD CONSTRAINT `fk_cst_child` FOREIGN KEY (`child_id`) REFERENCES `users` (`id`),
  ADD CONSTRAINT `fk_cst_family` FOREIGN KEY (`family_id`) REFERENCES `families` (`id`);

--
-- Constraints for table `child_spirit_tree_daily`
--
ALTER TABLE `child_spirit_tree_daily`
  ADD CONSTRAINT `fk_cstd_child` FOREIGN KEY (`child_id`) REFERENCES `users` (`id`),
  ADD CONSTRAINT `fk_cstd_family` FOREIGN KEY (`family_id`) REFERENCES `families` (`id`);

--
-- Constraints for table `crystal_ledger`
--
ALTER TABLE `crystal_ledger`
  ADD CONSTRAINT `fk_ledger_user` FOREIGN KEY (`user_id`) REFERENCES `users` (`id`);

--
-- Constraints for table `daily_quests`
--
ALTER TABLE `daily_quests`
  ADD CONSTRAINT `fk_dq_assigned_by` FOREIGN KEY (`assigned_by`) REFERENCES `users` (`id`),
  ADD CONSTRAINT `fk_dq_child` FOREIGN KEY (`child_id`) REFERENCES `users` (`id`),
  ADD CONSTRAINT `fk_dq_definition` FOREIGN KEY (`quest_definition_id`) REFERENCES `quest_definitions` (`id`);

--
-- Constraints for table `mailbox_messages`
--
ALTER TABLE `mailbox_messages`
  ADD CONSTRAINT `fk_mailbox_messages_user` FOREIGN KEY (`user_id`) REFERENCES `users` (`id`);

--
-- Constraints for table `quest_definitions`
--
ALTER TABLE `quest_definitions`
  ADD CONSTRAINT `fk_qd_family` FOREIGN KEY (`family_id`) REFERENCES `families` (`id`);

--
-- Constraints for table `rewards`
--
ALTER TABLE `rewards`
  ADD CONSTRAINT `fk_rewards_family` FOREIGN KEY (`family_id`) REFERENCES `families` (`id`);

--
-- Constraints for table `reward_child_assignments`
--
ALTER TABLE `reward_child_assignments`
  ADD CONSTRAINT `fk_rca_child` FOREIGN KEY (`child_id`) REFERENCES `users` (`id`),
  ADD CONSTRAINT `fk_rca_reward` FOREIGN KEY (`reward_id`) REFERENCES `rewards` (`id`);

--
-- Constraints for table `users`
--
ALTER TABLE `users`
  ADD CONSTRAINT `fk_user_family` FOREIGN KEY (`family_id`) REFERENCES `families` (`id`);

--
-- Constraints for table `user_login_events`
--
ALTER TABLE `user_login_events`
  ADD CONSTRAINT `fk_ule_family` FOREIGN KEY (`family_id`) REFERENCES `families` (`id`),
  ADD CONSTRAINT `fk_ule_user` FOREIGN KEY (`user_id`) REFERENCES `users` (`id`);

--
-- Constraints for table `wishes`
--
ALTER TABLE `wishes`
  ADD CONSTRAINT `fk_wishes_child` FOREIGN KEY (`child_id`) REFERENCES `users` (`id`),
  ADD CONSTRAINT `fk_wishes_family` FOREIGN KEY (`family_id`) REFERENCES `families` (`id`),
  ADD CONSTRAINT `fk_wishes_reward` FOREIGN KEY (`reward_id`) REFERENCES `rewards` (`id`);
COMMIT;

/*!40101 SET CHARACTER_SET_CLIENT=@OLD_CHARACTER_SET_CLIENT */;
/*!40101 SET CHARACTER_SET_RESULTS=@OLD_CHARACTER_SET_RESULTS */;
/*!40101 SET COLLATION_CONNECTION=@OLD_COLLATION_CONNECTION */;
